"Game ID";"Game Name"
"143780";"0- Ji No Kane To Cinderella - Halloween Wedding"
"28144";"007 - From Russia with Love"
"28796";"101 In 1 Megamix"
"143779";"11 Eyes Crossover"
"143781";"12 Riven - The Psi- Climinal Of Integral"
"143778";"12- Ji No Kane To Cinderella - Halloween Wedding"
"78344";"2 Games In 1! - Archer Maclean's Mercury And Mercury Meltdown"
"28135";"2010 Fifa World Cup - South Africa"
"143777";"24- Ji No Kane To Cinderella - Halloween Wedding"
"28065";"300 - March To Glory"
"28582";"428 - Fuusa Sareta Shibuya de"
"28236";"50 Cent - Bulletproof G Unit Edition"
"28634";"7 Wonders Of The Ancient World"
"143776";"77 - Beyond The Milky Way"
"28332";"7th Dragon 2020"
"28816";"7th Dragon 2020 2"
"142930";"Golden Compass, The"
"143784";"Abunai - Koi No Sousa Shitsu"
"28590";"Accel World - Ginyoku No Kakusei"
"28826";"Accel World - Kasoku No Choten"
"28021";"Ace Combat - Joint Assault"
"28055";"Ace Combat X - Skies Of Deception"
"28513";"Aces Of War"
"28493";"Activision Hits Remixed"
"143785";"Adventure Player"
"28476";"Adventures To Go!"
"28181";"Aedis Eclipse - Generation Of Chaos"
"78510";"Afl Challenge"
"28522";"After Burner - Black Falcon"
"28302";"Agarest Senki Mariage"
"143786";"Ai Igo"
"143787";"Ai Mahjong"
"143782";"Ai Shogi"
"143788";"Air"
"28668";"Air Conflicts - Aces Of World War 2"
"143789";"Airou De Puzzle"
"143790";"Akane Iro Ni Somaru Saka Portable"
"143791";"Akatsuki No Amaneka To Aoi Kyojin"
"143792";"Akatsuki No Goei Trinity"
"143793";"Akaya Akashiya Ayakashino"
"29126";"Akb 1/149 - Love Election"
"29291";"AKB1-48 - Idol to Guam de Koishitara..."
"29083";"Akb1/48 Idol To Koi Shitara"
"28120";"Akiba's Trip"
"28800";"Akiba's Trip Plus"
"143795";"Akudaikan Manyuuki"
"143794";"Akudaikan Manyuuki - Seigi No Yaiba"
"143796";"Aldynes - The Mission Code For Rage Crisis"
"28152";"Imagine Champion Rider"
"143797";"Alien Crush"
"28377";"Alien Syndrome"
"28064";"Aliens Versus Predator - Requiem"
"28975";"All Kamen Rider - Rider Generation 2"
"29025";"Alpha Mission 2"
"145020";"Amagami"
"143798";"Amagoushi No Yakata Portable - Ichiyanagi Nagomu, Saisho No Junan"
"143799";"Amatsumi Sora Ni! Kumo No Hatate Ni"
"143801";"Amnesia"
"28595";"Amnesia Crowd"
"143802";"Amnesia Later"
"28709";"Anata O Yurusanai"
"143804";"Angelique - Maren No Rokukishi"
"143805";"Angelique Retour"
"143806";"Ano Hi Mita Hana No Namae O Bokutachi Wa Mada Shiranai"
"28720";"Another Century's Episode Portable"
"28820";"Antiphona No Seika Hime"
"143807";"Ao No Exorcist - Genkoku No Labyrinth"
"143808";"Aoi Sora No Neosphere Portable - Nanoca Flanka Hatsumei Koubouki 2"
"143809";"Aoi Umi No Tristia Portable - Nanoca Flanka Hatsumei Koubouki"
"28282";"Ape Escape - On The Loose"
"143810";"Ape Escape Academy"
"28518";"Ape Academy 2"
"28675";"Ape Quest"
"143811";"Arabians Doubt"
"143812";"Arabians Lost - The Engagement On Desert"
"143813";"Arcana Famiglia - Festa Regalo"
"143814";"Arcana Famiglia - La Storia Della Aracana Famiglia"
"143815";"Arcana Famiglia - Vascello Phantasma No Majutsushi"
"143816";"Arcana Famiglia 2 - La Storia della Arcana Famiglia"
"28539";"Archer Maclean's Mercury"
"143817";"Arcobaleno! Portable"
"143818";"Are You Alice"
"143819";"Armen Noir Portable"
"28478";"Armored Core 3 Portable"
"28405";"Armored Core - Formula Front - Extreme Battle"
"28471";"Armored Core - Last Raven Portable"
"28576";"Armored Core - Silent Line Portable"
"143820";"Arms' Heart"
"28072";"Army Of Two - Le 40ème Jour"
"28922";"Art Of Fighting"
"28175";"Arthur Et Les Minimoys"
"143821";"Asaki, Yumemishi"
"145021";"Aselia The Eternal - The Spirit Of Eternity Sword"
"28265";"Asphalt - Urban Gt 2"
"27858";"Assassin's Creed - Bloodlines"
"28035";"Astérix And Obélix Xxl 2 - Mission Ouifix"
"28253";"Astonishia Story"
"28458";"Astro Boy - The Video Game"
"28347";"Atari Classics Evolved"
"145039";"Atelier Escha And Logy - Alchemists Of The Dusk Sky"
"28669";"Atelier Judie - The Alchemist Of Gramnad"
"28741";"Atelier Viorate - Alchemist Of Gramnad 2"
"28677";"Atv Off Road Fury - Blazin' Trails"
"28229";"Atv Off Road Fury Pro"
"143824";"Audition Portable"
"28161";"Avatar - The Last Airbender"
"143829";"Ayakashibito - Genyou Ibunroku Portable"
"144021";"B's-log Party"
"28270";"B-boy"
"144022";"Baka To Test To Shoukanjuu Portable"
"28804";"Bakemonogatari"
"28491";"Bakugan Battle Brawlers - Defenders of the Core"
"29098";"Bakumatsu Ishinden Revolution"
"29149";"Bakumatsu Rock"
"506578";"Bakumatsu Rock - Ultra Soul"
"28899";"Bamboo Blade"
"144026";"Bara No Ki Ni Bara No Hanasaku"
"29286";"Baseball Stars 2"
"29315";"Baseball Stars Professional"
"144032";"Battle Ace"
"144033";"Battle Dodgeball 3"
"144036";"Battle Robot Damashii"
"123450";"Battle Royal"
"144037";"Battle Spirits - Heroes Soul"
"144038";"Battle Spirits - Kiseki No Hasha"
"28391";"Battlezone"
"28366";"Beaterator"
"28898";"Beats"
"28962";"Bejeweled 2"
"28365";"Ben 10 - Alien Force"
"28344";"Ben 10 - Alien Force - Vilgax Attacks"
"28343";"Ben 10 - Protector Of Earth"
"28218";"Ben 10 Ultimate Alien - Cosmic Destruction"
"144078";"Benkei Gaiden"
"78511";"Beowulf - The Game"
"28889";"Beta Bloc"
"29049";"Beyond The Future Fix The Time Arrows"
"144042";"Bijin Tokei Portable"
"144045";"Bingo Mashin"
"144046";"Biz Taiken Series - Kigyodo"
"144047";"Black Code"
"144048";"Black Robinia"
"27984";"Black Rock Shooter - The Game"
"144049";"Black Wolves Saga - Last Hope"
"28149";"Blade Dancer - Lineage Of Light"
"28009";"Blazblue - Calamity Trigger"
"28095";"Blazblue - Continuum Shift Extend"
"28155";"Blazblue - Continuum Shift 2"
"29013";"Blaze Union"
"144050";"Blazing Lazers"
"28336";"Blazing Souls Accelate"
"144051";"Bleach - Heat The Soul"
"28319";"Bleach - Heat The Soul 2"
"28495";"Bleach - Heat The Soul 3"
"28389";"Bleach - Heat The Soul 4"
"28310";"Bleach - Heat The Soul 5"
"28018";"Bleach - Heat The Soul 6"
"27987";"Bleach - Heat The Soul 7"
"28207";"Bleach - Soul Carnival"
"28066";"Bleach - Soul Carnival 2"
"28763";"Bliss Island"
"28686";"Blitz - Overtime"
"28772";"Blokus Portable Steambot Championship"
"27986";"Blood Bowl"
"28810";"Blood The Last Vampire"
"144052";"Blood+ Final Piece"
"28875";"Blue Roses - Yousei To Aoi Hitomi No Senshitachi"
"28698";"SpongeBob's Truth or Square"
"28249";"Spongebob Squarepants - The Yellow Avenger"
"144053";"Boku No Natsuyasumi 4 - Setouchi Shounen Tanteidan, Boku To Himitsu No Chizu"
"144054";"Boku No Natsuyasumi Portable - Mushi Mushi Hakase To Teppen-yama No Himitsu!!"
"144055";"Boku No Natsuyasumi Portable 2 - Nazo Nazo Shimai To Chinbotsusen No Himitsu!"
"144057";"Boku Wa Kimi Dake Wo Mitsumeru"
"144059";"Boku Wa Koukuu Kanseikan - Airport Hero Kankuu"
"144060";"Boku Wa Koukuu Kanseikan - Airport Hero Naha"
"144061";"Boku Wa Koukuu Kanseikan - Airport Hero Narita"
"144062";"Boku Wa Koukuu Kanseikan - Airport Hero Shinchitose"
"144063";"Boku Wa Tomodachi Ga Sukunai Portable"
"28278";"Bomberman"
"144064";"Bomberman '94"
"144065";"Bomberman - Bakufuu Sentai Bombermen"
"144066";"Bomberman - Panic Bomber"
"28341";"Bomberman Land"
"144067";"Bonk's Adventure"
"28454";"Bounty Hounds"
"28887";"Boxer's Road 2 - The Real"
"170006";"Brain Challenge"
"28529";"Brandish - The Dark Revenant"
"28178";"Brave Story - New Traveler"
"27918";"Breath Of Fire 3"
"29228";"Brian Lara 2007 Pressure Play"
"28739";"Brooktown High - Senior Year"
"29338";"Brothers Conflict - Brilliant Blue"
"28825";"Brothers Conflict Passion Pink"
"28127";"Brothers In Arms - D-day"
"29192";"Brunswick Pro Bowling"
"28574";"Bubble Bobble - Evolution"
"144071";"Bullet Butlers - Juudan No Kanata"
"144072";"Bunmei Kaika - Aoiza Ibunroku"
"506581";"Bunmei Kaika - Aoiza Ibunroku Saien"
"28049";"Burnout Dominator"
"28170";"Burnout Legends"
"144074";"Burst Error - Eve The First"
"144075";"Busou Shinki - Battle Masters"
"145312";"Busou Shinki - Battle Masters Mk. 2"
"28568";"Bust-a-move Ghost"
"28764";"Buzz ! - Brain Twister"
"28385";"Buzz ! - Quiz World"
"28767";"Buzz ! - The Ultimate Music Quiz"
"28642";"Buzz ! - Le Plus Malin Des Français"
"28679";"Buzz ! - Master Quiz"
"78513";"Cabela's African Safari"
"78514";"Cabela's Dangerous Hunts - Ultimate Challenge"
"28790";"Cabela's Legendary Adventures"
"28815";"Cabela's North American Adventures"
"78515";"Cake Mania - Baker's Challenge"
"142897";"Call Of Duty - Roads To Victory"
"144118";"Canvas 3 - Nanairo No Kiseki"
"28053";"Capcom Classics Collection Reloaded"
"28104";"Capcom Classics Collection Remixed"
"28681";"Capcom Puzzle World"
"28774";"Carnage Heart Exa"
"506584";"Carnage Heart Portable"
"142898";"Carol Vorderman Sudoku"
"28043";"Cars 2"
"28184";"Cars"
"28082";"Cars Race-o-rama"
"144081";"Cart Kings"
"29118";"Castle Rustle"
"27873";"Castlevania - The Dracula X Chronicles"
"28894";"Cérébral Challenge"
"78586";"Kameleon"
"88707";"Championship Manager"
"88824";"Championship Manager 2007"
"144084";"Chandragupta - Warrior Prince"
"144086";"Chaos Head Love Chu-chu!"
"144085";"Chaos Head Noah"
"144087";"Cherry Blossom Portable"
"28554";"Chessmaster - Entraînez-vous Aux Echecs"
"144088";"Chiki Chiki Boys"
"144089";"Chikyuu Boueigun 2 Portable"
"28151";"Chili Con Carnage"
"29143";"Cho Aniki"
"28664";"Zero Chô Aniki"
"144091";"Chotto Shot"
"144092";"Chou No Doku Hana No Kusari - Taishou Irokoi Ibun"
"144093";"Chronicle Of Dungeon Maker"
"144094";"Chronicle Of Dungeon Maker 2"
"144095";"Chronobelt - Schwarz Oath"
"144096";"Chronostacia"
"144097";"Chuugen No Hasha - Sangoku Shouseiden"
"144098";"Chuukana Janshi Tenhoo Painyan Remix"
"28768";"Cid The Dummy"
"28594";"Cladun - This Is An Rpg"
"28762";"Cladun 2 - This Is Another Rpg"
"28474";"Clannad"
"506587";"Clannad - Hikari Mimamoru Sakamichi de Gekan"
"506590";"Clannad - Hikari Mimamoru Sakamichi de Joukan"
"28436";"Class Of Heroes"
"28635";"Class Of Heroes 2"
"144100";"Classic Dungeon X2"
"144101";"Clock Zero - Shuuen No Ichibyou Portable"
"28572";"Tempête De Boulettes Géantes"
"144102";"Clover no Kuni no Alice -Wonderful Wonder World-"
"144119";"Code 18"
"144103";"Code Geass - Hangyaku No Lelouch - Lost Colors"
"28141";"Code Lyoko - Plongez Vers L'infini"
"28417";"Coded Arms"
"28323";"Coded Arms Contagion"
"28893";"Coded Soul"
"28011";"Colin Mcrae - Dirt 2"
"28235";"Colin Mcrae Rally 2005"
"144105";"Comic Party Portable"
"28357";"Conception - Please Give Birth To My Child !!"
"144106";"Confidential Money - 300-nichi De 3000-man Dol Kasegu Houhou"
"144107";"Conveni , The"
"29235";"Corda D'oro 2 F Encore, La"
"506638";"Corda D'oro 2 F, La"
"29397";"Corda D'oro 3, La"
"28112";"Corpse Party"
"144108";"Corpse Party - Blood Covered - Repeated Fear"
"144109";"Corpse Party - The Anthology - Sachiko No Renai Yuugi - Hysteric Birthday 2u"
"28392";"Corpse Party Book Of Shadows"
"28418";"2006 Fifa World Cup"
"28758";"Cover Girl"
"28074";"Crash - Génération Mutant"
"28123";"Crash Of The Titans"
"28085";"Crash Tag Team Racing"
"28372";"Crazy Taxi - Fare Wars"
"144111";"Cream Stew Mo Minagara Iroiro Gochagocha Ittemasukedomo - Warai No Tamago L Size - Ohitorisama Nankai Demo"
"142899";"Creature Defense"
"28725";"Elemental Monster Td Portable"
"28261";"Criminal Girls"
"144112";"Crimson Empire ~Circumstances to Serve a Noble~"
"28334";"Crimson Gem Saga"
"144113";"Crimson Room Reverse"
"27836";"Crisis Core - Final Fantasy 7"
"144114";"Cross Channel - To All People"
"28404";"Crush"
"144115";"Cryptics, The"
"28388";"Crystal Defenders"
"29242";"Crystal Mines"
"28769";"Cube - 3d Puzzle Mayhem"
"144117";"Custom Drive"
"145052";"D.c. 1 And 2 P.s.p."
"145051";"D.c. 3"
"145050";"D.c. Girls Symphony Pocket"
"145053";"Dai Makai-mura"
"145054";"Dai-2-ji Super Robot Taisen Z Hakai-hen"
"145055";"Dai-2-ji Super Robot Taisen Z Saisei-hen"
"145056";"Daikoukai Jidai 4 - Rota Nova"
"145057";"Daikuugun"
"145058";"Daisenryaku - Daitoua Kouboushi - Dainiji Sekai Taisen Boppatsu"
"145059";"Daisenryaku - Daitoua Kouboushi - Tora Tora Tora Ware Kishuu Ni Seikou Seri"
"145062";"Daisenryaku 7 Exceed"
"145060";"Daisenryaku Perfect - Senjou No Hasha"
"29153";"Daisenryaku Portable"
"145061";"Daisenryaku Portable 2"
"145063";"Daito Giken Koushiki Pachi-slot Simulator - Hihouden - Fuujirareta Megami Portable"
"145064";"Daito Giken Koushiki Pachi-slot Simulator - Ossu! Banchou Portable"
"145065";"Daito Giken Koushiki Pachi-slot Simulator - Ossu! Misao   Maguro Densetsu Portable"
"145066";"Daito Giken Koushiki Pachi-slot Simulator - Yoshimune Portable"
"506614";"Daiya no Kuni no Alice - Wonderful Mirror World"
"506629";"Daiya no Kuni no Alice - Wonderful Wonder World"
"28701";"Danball Senki"
"506593";"Danball Senki Boost"
"145067";"Danball Senki W"
"145068";"Dangan-ronpa - Kibou No Gakuen To Zetsubou No Koukousei"
"27940";"Dante's Inferno"
"145069";"Danzai No Maria - La Campanella"
"28699";"Dariusburst"
"28187";"Darkstalkers Chronicles - The Tower Of Chaos"
"28509";"Dave Mirra Bmx Challenge"
"27938";"Daxter"
"145070";"Dead End - Orchestral Manoeuvres In The Dead End"
"28214";"Dead Head Fred"
"28003";"Dead Or Alive Paradise"
"28443";"Dead To Rights - Reckoning"
"145072";"Deardrops Distortion"
"145073";"Death Connection Portable"
"28475";"Death Jr."
"28547";"Death Jr. 2 - Root Of Evil"
"27923";"Def Jam Fight For Ny - The Takeover"
"145091";"Dengeki No Piroto - Tenkuu No Kizuna"
"145092";"Densetsu No Yuusha No Densetsu - Legendary Saga"
"145093";"Densha De Go! Pocket - Chuuousen Hen"
"145094";"Densha De Go! Pocket - Osaka Kanjousen Hen"
"145095";"Densha De Go! Pocket - Tokaidosen Hen"
"28639";"Densha De Go! Pocket Yamanotesen Hen"
"145096";"Derby Stallion P"
"145097";"Derby Time"
"145098";"Derby Time 2006"
"145099";"Desert Kingdom Portable"
"102110";"Desi Adda Games Of India"
"145101";"Detana!! Twinbee"
"145102";"Devil Crash"
"536534";"Dia No Kuni No Alice - Wonderful Mirror World"
"28519";"Diabolik - The Original Sin"
"145103";"Diabolik Lovers - Haunted Dark Bridal"
"28801";"Diabolik Lovers - More, Blood"
"145104";"Dice Dice Fantasia"
"145105";"Dies Irae - Amantes Amentes"
"28213";"Digimon Adventure"
"27911";"Digimon World Re - Digitize"
"145107";"Digivice Ver Portable"
"28333";"Diner Dash"
"27896";"Disgaea 2 - Dark Hero Days"
"27946";"Disgaea - Afternoon Of Darkness"
"28176";"Disgaea Infinite"
"28415";"Up"
"27830";"Dissidia 012[duodecim] Final Fantasy"
"268264";"Dissidia 012 Prologus: Duodecim Final Fantasy"
"27841";"Final Fantasy - Dissidia"
"28864";"Dj Max Black Square"
"28571";"Dj Max Fever"
"28691";"Dj Max Portable"
"145111";"DJ Max Portable 2"
"28663";"Dj Max Portable 3"
"145115";"Dj Max Portable Clazziquai Edition"
"420543";"DJ Max Portable Hot Tunes"
"145116";"Dog - Happy Life - Shiawase Wanko Seikatsu Dai Ichidan, The"
"145117";"Doki Doki Suikoden"
"145118";"Dokodemo Issho"
"145119";"Dokodemo Issho - Let's Gakkou!"
"123451";"Don 2 - The Game"
"145121";"Dongfang Queshen"
"28785";"Donkey Xote"
"145122";"Dora-slot - Hana Hana Matsuri Da!!"
"145123";"Dora-slot - Kyojin No Hoshi 2"
"145125";"Dora-slot - Oki-slot-ou! Pioneer 12"
"145126";"Dora-slot - Shuyaku Wa Zenigata"
"65505";"Dot Hack - Link"
"145128";"Double Dungeons"
"29128";"Downstream Panic!"
"27936";"Dragon Ball Evolution"
"27893";"Dragon Ball Z - Shin Budokai"
"27853";"Dragon Ball Z -  Shin Budokai Another Road"
"27866";"Dragon Ball Z - Tenkaichi Tag Team"
"145131";"Dragon Dance"
"28100";"Dragon Quest And Final Fantasy In Itadaki Street Portable"
"28636";"Dragon's Lair"
"28241";"Dragoneer's Aria"
"28876";"Dream C Club"
"28041";"Driver 76"
"102111";"Dt Carnage"
"145132";"Dunamis15"
"193215";"Dungeon Explorer (pc Engine)"
"28196";"Dungeon Explorer"
"145135";"Dungeon Explorer 2"
"28697";"Dungeon Maker - Hunting Ground"
"28531";"Dungeon Maker 2 - The Hidden War"
"28029";"Dungeon Siege - Throne Of Agony"
"145136";"Dungeon Travelers 2 - Ouritsu Toshokan To Mamono No Fuuin"
"28172";"Dungeons And Dragons - Tactics"
"145137";"Durarara!! 3way Standoff"
"506596";"Durarara!! 3way Standoff - Alley"
"28257";"Dynasty Warriors"
"28086";"Dynasty Warriors - Strikeforce"
"28324";"Dynasty Warriors Vol.2"
"145018";"E'tude Prologue - Yureugoku Kokoro No Katachi Portable"
"28426";"Ea Replay"
"145019";"Earth Saver Plus - Inseki Bakuha Daisakusen"
"28449";"Echochrome"
"28618";"Echoshift"
"145022";"Eikoku Tantei Mysteria"
"145023";"Eiyuu Densetsu - Ao No Kiseki"
"28982";"Eiyuu Densetsu - Sora no Kiseki the 3rd"
"145025";"Eiyuu Densetsu - Zero No Kiseki"
"145029";"Elkrone No Atelier - Dear For Otomate"
"28910";"Elminage 2 - Sousei No Megami To Unmei No Daichi"
"145032";"Elminage 3 - Ankoku No Shito To Taiyou No Kyuuden"
"145030";"Elminage Gothic - Ulm Zakir To Yami No Gishiki"
"145031";"Elminage Ibun - Ame No Mihashira"
"28327";"Elminage Original - Yami No Miko To Kamigami No Yubiwa"
"144735";"End of Serenity"
"145036";"Enkaku Sousa - Shinjitsu Eno 23nichikan"
"145037";"Enkeltbillet"
"145038";"Entaku No Seito - The Eternal Legend"
"27969";"Eragon"
"145040";"Eternal Etude - Canvas 4"
"142903";"Eureka Seven"
"28511";"Evangelion - Jo"
"145041";"Evangelion Shin Gekijouban - 3nd Impact"
"145042";"Ever17 - The Out Of Infinity Premium Edition"
"28672";"Every Extend Extra"
"29215";"Everybody's Stress Buster"
"29056";"Riff - Everyday Shooter"
"28259";"Exit"
"28274";"Exit 2"
"28570";"Eyepet"
"28621";"Eyepet Adventures"
"145049";"Eyeshield 21 - Portable Edition"
"28242";"F1 2009"
"28244";"F1 Grand Prix"
"28612";"Fading Shadows"
"144127";"Fairly Life - Miracle Days"
"27988";"Fairy Tail - Portable Guild"
"144128";"Fairy Tail - Portable Guild 2"
"144129";"Fairy Tail - Zelef Kakusei"
"28262";"Fat Princess - Fistful Of Cake"
"28670";"Fatal Fury"
"27945";"Fate/extra"
"28251";"Fate/extra Ccc"
"28550";"Fate/tiger Colosseum"
"28444";"Fate/tiger Colosseum Upper"
"28056";"Fate/unlimited Codes"
"28223";"Field Commander"
"27814";"Fifa 14"
"28537";"Fifa Soccer"
"28165";"FIFA 06"
"28234";"FIFA 07"
"28076";"Fifa 08"
"27982";"Fifa 09"
"27904";"Fifa 10"
"27856";"Fifa 11"
"27825";"Fifa 12"
"27819";"Fifa 13"
"28062";"Fifa Street 2"
"144137";"Fight Ippatsu! Juden-chan!! Cc"
"28146";"Fight Night - Round 3"
"29266";"Final Approach 2"
"28674";"Final Armada"
"27948";"Final Fantasy"
"27931";"Final Fantasy 2"
"27848";"Final Fantasy 3"
"27849";"Final Fantasy 4 - The Complete Collection"
"144138";"Final Fantasy Reishiki"
"27864";"Final Fantasy Tactics - The War Of The Lions"
"204423";"Final Fantasy Type-0"
"144139";"Finder Love - Hara Fumina - Futari No Futari De"
"144140";"Finder Love - Hoshino Aki - Nangoku Trouble Rendezvous"
"144156";"Finder Love - Kudo Risa - First Shoot Wa Kimi To"
"28666";"Fired Up"
"144143";"Fish Eyes Portable"
"144144";"Flash Motor Karen"
"28280";"Flatout - Head On"
"28435";"Flow"
"144146";"Flowars Portable"
"144148";"Flowers"
"144147";"Flowers - Natsu Hen"
"27821";"Football Manager 2013"
"28678";"Football Manager Handheld"
"28846";"Football Manager Handheld 2007"
"28916";"Football Manager Handheld 2008"
"27854";"Football Manager Handheld 2009"
"27832";"Football Manager Handheld 2010"
"27828";"Football Manager Handheld 2011"
"28194";"Football Manager Handheld 2012"
"144149";"For Symphony - With All One's Heart Portable"
"28857";"Ford Street Racing - La Duel"
"28629";"Off Road"
"28288";"Formula 1 06"
"28626";"Frantix"
"28863";"Freak Out - Extreme Freeride"
"28486";"Free Running"
"28596";"Frogger - Helmet Chaos"
"28566";"Frontier Gate"
"144152";"Frontier Gate Boost"
"144153";"Fukufuku No Shima"
"28506";"Full Auto 2 - Battlelines"
"27915";"Fullmetal Alchemist - Brotherhood"
"29024";"Fushigi No Dungeon - Furai No Shiren 3 Portable"
"144157";"Fushigi No Dungeon - Fuurai No Shiren 4 Plus - Kami No Me To Akuma No Heso"
"144154";"Fushigi No Kuni No Bouken Sakaba"
"144155";"Fushigi Yuugi - Genbu Kaiden Gaiden - Kagami No Miko"
"103337";"G-force"
"28588";"G.i. Joe - The Rise Of Cobra"
"144160";"Ga - Geijutsuka Art Design Class - Slapstick Wonder Land"
"144161";"Gachitora! Abarenbou Kyoushi In High School"
"144162";"Gack-oh - The Royal Seven Stars  Meteor"
"144163";"Gakuen Heaven - Okawari!"
"144164";"Gakuen Heaven 2 - Double Scramble!"
"144165";"Gakuen Heaven Boys Love Scramble"
"144166";"Gakuen Hetalia Portable"
"144167";"Gakuen K - Wonderful School Days"
"144168";"Galaga '88"
"144169";"Gallery Fake"
"28020";"Gangs Of London"
"144174";"Garnet Cradle Portable - Kagi No Himemiko"
"144176";"Gate Of Thunder"
"144178";"Gekiatsu!! Pachige-damashi Portable Vol.1 - Evangelion - Shinjitsu No Tsubasa"
"144179";"Gekka Ryouran Romance"
"144180";"Gendai Daisenryaku - Isshoku Sokuhatsu Gunji Balance Houkai"
"28303";"Generation Of Chaos"
"28557";"Generation Of Chaos - Pandora's Reflection"
"144182";"Genroh"
"28190";"Gensou Suikoden - Tsumugareshi Hyakunen no Toki"
"496214";"Geometry Dash"
"28505";"Geronimo Stilton - Retour Au Royaume De La Fantaisie"
"28290";"Geronimo Stilton In The Kingdom Of Fantasy - The Videogame"
"144185";"Geten No Hana"
"144186";"Geten No Hana - Yume Akari"
"144187";"Getsuei No Kusari - Kyouran Moratorium"
"144188";"Getsuei No Kusari - Sakuran Paranoia"
"28281";"Ghost In The Shell - Stand Alone Complex"
"28239";"Ghost Rider"
"144189";"Gift - Prism"
"144190";"Ginsei Igo"
"506599";"Ginsei Shogi Portable"
"144191";"Ginsei Shogi Portable - Fuuun Ryuuko Raiden"
"28637";"Gintama No Sugoroku"
"28661";"Gitaroo Man Lives !"
"28119";"Gladiator Begins"
"144192";"Glass Heart Princess"
"144193";"Glorace - Phantastic Carnival"
"144194";"Gloria Union - Twin Fates In Blue Ocean"
"29008";"Go! Explore"
"144195";"Go! Puzzle"
"29054";"Go! Sudoku"
"28063";"God Eater"
"27973";"God Eater 2"
"27863";"God Of War - Chains Of Olympus"
"27859";"God Of War - Ghost Of Sparta"
"27965";"Gods Eater Burst"
"251003";"Goku Makaimura Kai"
"144196";"Gradius"
"144197";"Gradius 2 - Gofer No Yabou"
"28342";"Gradius Collection"
"27882";"Gran Turismo"
"28150";"Grand Knights History"
"490841";"Grand Theft Auto - Sindacco Chronicles"
"27865";"Grand Theft Auto - Chinatown Wars"
"27831";"Gta - Liberty City Stories"
"27829";"Grand Theft Auto - Vice City Stories"
"29256";"Great Battle Fullblast"
"28838";"Gretzky Nhl"
"29208";"Gretzky Nhl '06"
"144199";"Grim The Bounty Hunter"
"28553";"Gripshift"
"144200";"Grisaia No Kajitsu - Le Fruit De La Grisaia"
"144201";"Grisaia No Meikyuu - Le Labyrinthe De La Grisaia"
"144202";"Grisaia No Rakuen - Le Eden De La Grisaia"
"144203";"Groovin' Blocks"
"28683";"Growlanser"
"27978";"Growlanser - Wayfarer Of Time"
"28707";"Gti Club Supermini Festa!"
"28102";"Guilty Gear Judgment"
"144206";"Guilty Gear XX - The Midnight Carnival #Reload"
"28059";"Guilty Gear Xx Accent Core Plus"
"28298";"Gun Showdown"
"28657";"Gundam Assault Survive"
"28682";"Gundam Battle Chronicle"
"28711";"Gundam Battle Royale"
"144207";"Gundam Battle Tactics"
"28532";"Gundam Battle Universe"
"28713";"Gundam Memories"
"28090";"Gungnir"
"28735";"Gunpey"
"28432";"Gurumin - Une Aventure Monstrueuse"
"144209";"Hajime No Ippo Portable - Victorious Spirits"
"144210";"Hakuisei Renai Shoukougun"
"144211";"Hakuisei Renai Shoukougun Re-therapy"
"144212";"Hakuoki - Yuugi Roku Ni - Matsuri Bayashi To Taishitachi"
"144213";"Hakuoki - Zuisouroku Portable"
"29506";"Hakuoki - Demon Of The Fleeting Blossom"
"28806";"Hakuoki - Warriors Of The Shinsengumi"
"29062";"Hakuôki Reimeiroku Portable"
"29081";"Hakuouki - Yuugi Roku"
"28248";"Half-minute Hero"
"142907";"Gensan"
"144215";"Hana To Otome Ni Shukufuku O - Harukaze No Okurimono - Portable"
"144216";"Hanakisou"
"144217";"Hanaoni - Koi Someru Toki Towa No Shirushi"
"144218";"Hanaoni - Yume No Tsudzuki"
"144219";"Hanasaku Manimani"
"144220";"Hanayaka Nari, Wa Ga Ichizoku"
"506602";"Hanayaka Nari, Wa ga Ichizoku - Kinema Mosaic"
"506605";"Hanayaka Nari, Wa ga Ichizoku - Tasogare Polarstar"
"144221";"Handdic"
"28680";"Hannah Montana - Rock Out The Show"
"144264";"Harajuku Tantei Gakuen - Steel Wood"
"28886";"Hard Rock Casino"
"27960";"Harry Potter And The Order Of The Phoenix"
"142908";"Harry Potter And The Goblet Of Fire"
"27966";"Harry Potter And The Half-blood Prince"
"144222";"Harukanaru Toki No Naka De - Hachiyoushou"
"144223";"Harukanaru Toki No Naka De - Iroetebako"
"144224";"Harukanaru Toki No Naka De 2"
"144225";"Harukanaru Toki No Naka De 3 - Unmei No Labyrinth Aizouban"
"506608";"Harukanaru Toki no Naka de 3 with Izayoiki Aizouban"
"29325";"Harukanaru Toki No Naka De 4"
"506611";"Harukanaru Toki no Naka de 5"
"144226";"Harukanaru Toki No Naka De 5 Kazahanaki"
"144227";"Harukanaru Toki No Naka De 6"
"28373";"Harvest Moon - Boy And Girl"
"28247";"Harvest Moon - Hero Of Leaf Valley"
"28858";"Harvey Birdman - Attorney At Law"
"144228";"Hatsukare - Renai Debut Sengen!"
"28233";"Hatsune Miku - Project Diva"
"144229";"Hatsune Miku - Project Diva - Dreamy Theater"
"144230";"Hatsune Miku - Project Diva - Tsuika Gakkyokushuu Deluxe Pack 1 - Miku Uta, Okawari"
"28105";"Hatsune Miku - Project Diva 2nd"
"28328";"Hatsune Miku - Project Diva Extend"
"144231";"Hayarigami 2 Portable - Keishichou Kaii Jiken File"
"29267";"Hayarigami 3 - Keishichou Kaii Jiken File"
"144232";"Hayarigami Portable - Keishichou Kaii Jiken File"
"144233";"Hayate No Gotoku!! - Nightmare Paradise"
"144234";"Heart No Kuni No Alice"
"144235";"Heart No Kuni No Alice - Wonderful Twin World"
"144236";"Heart No Kuni No Alice Anniversary Ver. - Wonderful Wonder World"
"28499";"Heatseeker"
"142909";"Heavens Will"
"28346";"Hellboy - The Science Of Evil"
"144237";"Hello Kitty No Happy Accessory"
"28938";"Hello Kitty Puzzle Party"
"144238";"Hello Kitty To Issho! Block Crash 123!!"
"144239";"Hentai Ouji To Warawanai Neko"
"28941";"Heroes Phantasia"
"29033";"Heroes Vs"
"28350";"Hexyz Force"
"144241";"Higanjima"
"28751";"Higurashi Daybreak Portable"
"507175";"Higurashi Daybreak Portable Mega Edition"
"144242";"Higurashi No Naku Koro Ni - Jan"
"144243";"Hiiro No Kakera - Shin Tamayori-hime Denshou - Piece Of Future"
"506623";"Hiiro no Kakera - Shin Tamayori-hime Denshou Portable"
"144244";"Hiiro No Kakera Portable"
"144245";"Himawari - Pebble In The Sky Portable"
"144246";"Himawari No Kyoukai To Nagai Natsuyasumi - Extra Vacation"
"144247";"Himehibi - New Princess Days!! Zoku! Ni-gakki Portable"
"144248";"Himehibi - Princess Days Portable"
"144249";"Hisshou Pachinko - Pachi-slot Kouryaku Series Portable Vol.1 - Shinseiki Evangelion - Tamashii No Kiseki"
"144250";"Hisshou Pachinko - Pachi-slot Kouryaku Series Portable Vol.2 - Cr Evangelion - Hajimari No Fukuin"
"144252";"Hitsuji-kun Nara Kiss Shite Ageru"
"28440";"Hokuto No Ken - Raoh Gaiden"
"144255";"Honkaku Yonin Uchi Pro Mahjong - Mahjong-ou Portable"
"144256";"Hoshigari Empusa Portable"
"144257";"Hoshiiro No Okurimono Portable"
"144258";"Hoshizora Planet - One Small Step For"
"28534";"Hot Brain"
"28734";"Hot Pixel"
"28293";"Everybody's Golf"
"144259";"Everybody's Golf 2"
"144268";"Hot Shots Tennis - Get A Grip"
"28969";"Hot Wheels Ultimate Racing"
"144261";"Houkago Colorful- Step - Bunkabu!"
"144269";"Houkago Colorful-step - Undoubu!"
"28159";"Hunter X Hunter Wonder Adventure"
"144262";"Hyakki Yakou - Kaidan Romance"
"144263";"Hyaku Monogatari - Kaidan Romance"
"144271";"I Am An Air Traffic Controller - Airport Hero Tokyo"
"144273";"Idol Janshi Suchie-pai 3 Remix"
"144274";"Idol Janshi Suchie-pai Iv Portable"
"144275";"Idolmaster - Shiny Festa - Funky Note, The"
"144276";"Idolmaster - Shiny Festa - Groovy Tune, The"
"144277";"Idolmaster - Shiny Festa - Honey Sound, The"
"28437";"Ikki Tôsen - Xross Impact"
"28586";"Ikki Tousen - Eloquent Fist"
"28260";"Il-2 Sturmovik - Birds Of Prey"
"28773";"Impossible Mission"
"28114";"Indiana Jones And The Staff Of Kings"
"28297";"Infected"
"144279";"Infinite Loop - Kojou Ga Miseta Yume"
"28510";"Initial D - Street Stage"
"28087";"Innocent Life - A Futuristic Harvest Moon"
"142910";"Intelligent License 2"
"28802";"International Athletics"
"29342";"International Cricket Captain 3"
"27844";"Invizimals"
"144284";"Invizimals - Collectible Card Game - Hidden Challenges"
"28047";"Invizimals - Shadow Zone"
"27995";"Invizimals - The Lost Tribes"
"142911";"Iq Mania"
"28317";"Iron Man"
"28318";"Iron Man 2"
"144286";"Ishin Renka Ryoma Gaiden"
"144287";"Isle Of Minno"
"144288";"Issho Ni Gohan. Portable"
"144289";"Isshou Asoberu Toudai Shogi - Tsumeshogi Dojo"
"144290";"Itsuka Kono Te Ga Kegareru Toki Ni - Spectral Force Legacy"
"144291";"Itsuka Tenma No Kuro Usagi Portable"
"29474";"Iza Shutsujin Koikusa"
"144297";"Iza, Shutsujin! Koiikusa Dainimaku - Echigo Hen"
"144298";"Iza, Shutsujin! Koiikusa Dainimaku - Kai Hen"
"144299";"J.league Pro Soccer Club O Tsukurou! 8 Euro Plus"
"28279";"Jackass - The Game"
"27970";"Jak And Daxter - The Lost Frontier"
"28038";"James Cameron's Avatar - The Game"
"144301";"Jan Sangoku Musou"
"144302";"Jansei Gakuen Chrono-magic"
"144303";"Jansei Utahime Chrono-star"
"27992";"Jeanne D'arc"
"144304";"Jet De Go! Pocket - Let's Go By Airliner"
"144305";"Jewelic Nightmare"
"144306";"Jigen Kairou"
"29048";"Jikandia - The Timeless Land"
"500390";"Jikkyou Powerful Pro Yakyuu 2011 Ketteiban"
"506626";"Jikkyou Powerful Pro Yakyuu 2012 - Ketteiban"
"144310";"Jissen Pachi-slot Hisshouhou! Aladdin 2 Evolution Portable"
"144311";"Jissen Pachi-slot Hisshouhou! Hokuto No Ken Portable"
"144312";"Jissen Pachi-slot Hisshouhou! Hokuto No Ken Se Portable"
"144313";"Jitsuroku Oniyome Nikki - Shiuchi Ni Taeru Otto No Rifujin Taiken Adventure"
"144314";"Jitsuwa Kaidan - Shinmimi Bukuro - Ichi No Shou"
"144315";"Joker No Kuni No Alice - Wonderful Wonder World"
"144319";"Jui - Dr. Toma Jotaro"
"28126";"Juiced 2 - Hot Import Nights"
"28502";"Juiced Eliminator"
"144320";"Jukugon"
"78585";"Jungle Party"
"144321";"Just English"
"78587";"Justice League Heroes"
"144322";"Juujigen Rippoutai Cipher Portable"
"29384";"Juusei To Diamond"
"144323";"Juuza Engi - Engetsu Sangokuden"
"506632";"Juuza Engi - Engetsu Sangokuden 2"
"537359";"K-ON! After School Live!!"
"144326";"K-on! Houkago Live!!"
"144327";"Kaeru Batake De Tsukamaete - Natsu Chigira Sansen! Portable"
"144328";"Kaeru Batake De Tsukamaete Portable"
"144329";"Kaitou Apricot Portable"
"144330";"Kaitou Tenshi Twin Angel - Toki To Sekai No Meikyuu"
"144331";"Kaizou Chounin Shubibinman"
"144332";"Kaizou Chounin Shubibinman 2 - Aratanaru Teki"
"144333";"Kaizou Chounin Shubibinman 3 - Ikai No Princess"
"144334";"Kaleido Eve"
"144335";"Kamaitachi No Yoru 2 - Tokubetsuhen"
"144336";"Kamen No Maid Guy - Boyoyon Battle Royale"
"29017";"Kamen Rider - Super Climax Heroes"
"417136";"Kamen Rider Climax Heroes OOO"
"29293";"Kamen Rider Fourze"
"144337";"Kami Naru Kimi To"
"144338";"Kamigami No Asobi"
"144339";"Kamigami No Asobi Infinite"
"144340";"Kamisama To Koi Gokoro"
"29430";"Kana Imôto"
"144342";"Kannou Mukashi Banashi Portable"
"144343";"Kano-yan - Kanojo Ga Yanjattara Dousuru No"
"29381";"Kanon"
"144344";"Kanuchi - Futatsu No Tsubasa"
"28543";"Kao Challengers"
"28421";"Katekyoo Hitman Reborn! Battle Arena"
"144347";"Katekyoo Hitman Reborn! Battle Arena 2 - Spirits Burst"
"28659";"Katekyoo Hitman Reborn! Kizuna No Tag Battle"
"144348";"Kazoku Keikaku"
"144770";"Xtreme Party"
"144350";"Keibatsuu Portable"
"144351";"Keibatsuu Portable 2 - Jra Koushiki Data 23 Nenbun Shuuroku"
"144352";"Ken To Mahou To Gakuen Mono."
"144353";"Ken To Mahou To Gakuen Mono. 2"
"144354";"Ken To Mahou To Gakuen Mono. 3"
"144355";"Ken To Mahou To Gakuen Mono. Final - Shinnyusei Wa Ohimesama"
"28712";"Kenka Bancho 4 - Ichinen Sensou"
"28948";"Kenka Banchô 5 - Otoko No Hôsoku"
"28422";"Kenka Bancho - Badass Rumble"
"144356";"Kenka Banchou 3 - Zenkoku Seiha"
"28930";"Kenka Banchou Bros. Tokyo Battle Royale"
"144357";"Kidou Keisatsu Patlabor - Kamubakku Minipato"
"493022";"Kidou Senshi Gundam - Gihren no Yabou - Axis no Kyoui"
"28924";"Kidou Senshi Gundam - Gihren no Yabou - Axis no Kyoui V"
"144358";"Kidou Senshi Gundam - Gihren No Yabou - Zeon No Keifu"
"144359";"Kidou Senshi Gundam - Shin Gihren No Yabou"
"144360";"Kidou Senshi Gundam Seed - Rengou Vs. Z.a.f.t. Portable"
"144361";"Kiite Oboeru Eitango - Alc No Kikutan Advanced"
"144362";"Kiite Oboeru Eitango - Alc No Kikutan Basic"
"144363";"Kiite Oboeru Eitango - Alc No Kikutan Entry"
"27964";"Killzone Liberation"
"144364";"Kimi Ga Aruji De Shitsuji Ga Ore De - Otsukae Nikki Portable"
"144365";"Kimikare - Shingakki"
"28944";"King Of Clubs"
"29232";"King Of Pool"
"28959";"King's Field Additionnal 2"
"28980";"King's Field Additionnal I"
"28240";"Kingdom - Ikkitousen No Tsurugi"
"27815";"Kingdom Hearts - Birth By Sleep"
"28156";"Key Of Heaven"
"144366";"Kiniro No Corda - La Corda D'oro"
"144367";"Kiniro No Corda 3 - Another Sky Feat. Amane Gakuen"
"144368";"Kiniro No Corda 3 - Another Sky Feat. Jinnan"
"144369";"Kiniro No Corda 3 - Another Sky Feat. Shiseikan"
"144371";"Kirameki School Life Sp - The Wonder Years"
"144372";"Kisaragi Gold-star - Nonstop Go Go!!"
"144373";"Kisou Ryouhei Gunhound EX"
"28256";"Knights In The Nightmare"
"144374";"Koezaru Wa Akaihana - Taiga Wa Mirai O Tsumugu"
"144376";"Koi Sentai Love And Peace The P.s.p. - Power Zenkai! Special Youso Tenkomori De Portable Ka Daisakusen De Aru!"
"144377";"Koi To Senkyo To Chocolate Portable"
"144378";"Koi Wa Rule Ni Shibararenai!"
"144379";"Koibana Days - Pure Flower Garden"
"144380";"Koisuru Otome To Shugo No Tate Portable"
"28868";"Kokoro Connect - Yochi Random"
"144382";"Konneko - Keep A Memory Green"
"144383";"Kono Aozora Ni Yakusoku O - Tenohira No Rakuen"
"144384";"Kono Bushitsu Wa Kitaku Shinai Bu Ga Senkyo Shimashita. Portable - Gakuen Dog Ear Hen"
"506641";"Kono Bushitsu wa Kitaku Shinai Bu ga Senkyo Shimashita. Portable - Gakuen Summer Wars Hen"
"144385";"Koori No Haka - Ichiyanagi Nagomu, 3-dome No Junan"
"144386";"Koro Koro!! Kollon"
"144387";"Kotoba No Puzzle - Mojipittan Daijiten"
"144388";"Kreuzwortratsel - Welt Edition"
"29483";"Kud Wafter"
"144389";"Kung Fu, The"
"144391";"Kuon No Kizuna - Sairin Mikotonori Portable"
"144392";"Kurogane No Linebarrels"
"144393";"Kurohyou - Ryu Ga Gotoku Shinshou"
"144394";"Kurohyou 2 - Ryu Ga Gotoku Ashura Hen"
"144395";"Kuroko No Basuke - Kiseke No Shiai"
"144396";"Kuroko No Basuke - Kiseki No Game"
"144397";"Kuroyukihime - Snow Black"
"144398";"Kuroyukihime - Snow Magic"
"144399";"Kuru Kuru Chameleon"
"29314";"Kurulin Fusion"
"144401";"Kyoto Daigaku Atsuji Tetsuji Kyouju Kanshuu - Zaidan Houjin Nihon Kanji Nouryoku Kentei Kyoukai Kyouryoku - Kanji Trainer Portable"
"144402";"Kyoukai Senjou No Horizon Portable - Paradise Of Opa-i"
"144403";"Kyoukaisen-jou No Horizon Portable"
"144404";"L No Kisetsu - Double Pocket"
"142891";"Con, The"
"28483";"Entraîneur 2006, L'"
"144405";"L. G. S Shinsetsu Houshinengi"
"28525";"L.a. Rush - Showdown"
"144406";"Lairland Story"
"144407";"Lairland Story - Shoujo No Yakujou"
"28225";"Lanfeust Of Troy"
"144408";"Langrisser - Hikari No Matsuei"
"29206";"Last Escort - Club Katze"
"28581";"Last Ranker"
"88818";"Ultimate Board Game Collection"
"27979";"Parrain, Le"
"28032";"Lord Of The Rings - Aragorn's Quest, The"
"27996";"Seigneur Des Anneaux - Tactics, Le"
"29423";"League Bowling"
"142914";"Legend Of The Dragon"
"144410";"Legends Of War - Patton's Campaign"
"27921";"Lego Batman - The Video Game"
"27875";"Lego Harry Potter - Years 1-4"
"27878";"Lego Harry Potter - Années 5 À 7"
"28037";"Lego Indiana Jones 2 - L'aventure Continue"
"28008";"Lego Indiana Jones - La Trilogie Originale"
"27916";"Lego Pirates Des Caraïbes - Le Jeu Vidéo"
"27932";"LEGO Star Wars 2 - The Original Trilogy"
"27899";"Lego Star Wars 3 - The Clone Wars"
"28287";"Lemmings"
"102316";"Family Guy"
"142923";"Open Season"
"133125";"Simpsons Game, The"
"142931";"Sims 2, The"
"27835";"Sims 2 - Pets, The"
"142892";"Sims 2 - Castaway, The"
"29348";"Let's Make A J.league Pro Soccer Club ! 6"
"29476";"Let's Make A J.league Pro Soccer Club ! 7"
"144411";"Like Life Every Hour"
"144412";"Lisa To Issho Ni Tairiku Oudan - A-ressha De Ikou"
"144413";"Little Aid Portable"
"29390";"Little Britain - The Video Game"
"144414";"Little Busters - Converted Edition"
"144415";"Little Witch Parfait - Kuroneko Mahouten Monogatari"
"27881";"Littlebigplanet"
"28125";"Locoroco"
"28224";"Locoroco 2"
"28650";"Locoroco Midnight Carnival"
"28325";"Lord Of Apocalypse"
"27943";"Lord Of Arcana"
"29337";"Lost Heroes"
"144417";"Love At Once"
"144419";"Love Once Mahjong"
"144420";"Lucian Bee's Evil Violet"
"144421";"Lucian Bee's Justice Yellow"
"144422";"Lucian Bee's Resurrection Supernova"
"144423";"Lucky Star - Net Idol Meister"
"144424";"Lucky Star - Ryouou Gakuen Outousai Portable"
"28203";"Lumines"
"28492";"Lumines 2"
"28269";"Lunar - Silver Star Harmony"
"28842";"Luxor Pharaoh's Challenge"
"103340";"Luxor - The Wrath Of Set"
"28619";"M.a.c.h. - Modified Air Combat Heroes"
"506635";"Machi - Unmei no Kousaten Tokubetsu-hen"
"144426";"Machi-ing Maker 3 X Tousouchuu"
"28592";"Macross Ace Frontier"
"29018";"Macross Triangle Frontier"
"28589";"Macross Ultimate Frontier"
"28660";"Madden NFL 06"
"28472";"Madden NFL 07"
"28291";"Madden Nfl 08"
"28602";"Madden Nfl 09"
"28206";"Madden Nfl 10"
"28220";"Madden Nfl 11"
"28193";"Madden Nfl 12"
"29037";"Magic Sudoku"
"29047";"Magician Lord"
"28688";"Magnacarta Portable"
"144427";"Magustale Eternity - Sekaiju To Koisuru Mahou Tsukai"
"144428";"Mahjong Fight Club"
"144429";"Mahjong Fight Club - Zenkoku Taisenban"
"144430";"Mahjong Haoh Battle Royale 2"
"144431";"Mahjong Haoh Portable - Dankyuu Battle"
"144432";"Mahjong Haoh Portable - Jansou Battle"
"144433";"Mahjong Taikai"
"28835";"Mahou Shoujo Lyrical Nanoha A's Portable - The Battle Of Aces"
"144434";"Mahou Shoujo Lyrical Nanoha A's Portable - The Gears Of Destiny"
"144435";"Mahou Shoujo Madoka Magica Portable"
"144436";"Mahou Tsukai To Goshujin-sama - New Ground"
"144437";"Mai-hime Bakuretsu! Fuuka Gakuen Gekitoushi!"
"144438";"Mai-hime Senretsu! Shin Fuuka Gakuen Gekitoushi!!"
"144439";"Maid Paradise Mezase! Maid Number One!"
"144440";"Maji De Manabu Lec De Ukaru - Nisshou Boki 3-kyuu Portable"
"144441";"Maji De Manabu Lec De Ukaru - Takuchi Tatemono Torihiki Shuninsha Portable"
"144442";"Majoou"
"29058";"Major League Baseball 2k10"
"103338";"Major League Baseball 2k11"
"28643";"Major League Baseball 2k12"
"29455";"Major League Baseball 2K6"
"29343";"Major League Baseball 2k7"
"29092";"Major League Baseball 2k8"
"29057";"Major League Baseball 2k9"
"144448";"Makiwari 2"
"28813";"Mana Khemia 2 - Ochita Gakuen to Renkinjutsushi Tachi Portable"
"28277";"Mana Khemia - Student Alliance"
"27968";"Manhunt 2"
"144452";"Marriage Royale - Prism Story"
"144453";"Maru Goukaku - Shikaku Dasshu! Care Manager Shiken Portable"
"144454";"Maru Goukaku - Shikaku Dasshu! Chuushoukigyou Shindanshi Shiken 1 Portable"
"144455";"Maru Goukaku - Shikaku Dasshu! Chuushoukigyou Shindanshi Shiken 2 Portable"
"144456";"Maru Goukaku - Shikaku Dasshu! Fp Financial Planning Ginou Kentei Shiken 2-kyuu Portable"
"506644";"Maru Goukaku - Shikaku Dasshu! FP Financial Planning Ginou Kentei Shiken 3-Kyuu Portable"
"144457";"Maru Goukaku - Shikaku Dasshu! It Passport Shiken Portable"
"144458";"Maru Goukaku - Shikaku Dasshu! Kihon Jouhou Gijutsusha Shiken Portable"
"28025";"Marvel Ultimate Alliance"
"28148";"Marvel Ultimate Alliance 2"
"28284";"Marvel Nemesis - Rise Of The Imperfects"
"28266";"Marvel Super Hero Squad"
"28627";"Marvel Trading Card Game"
"144464";"Mashiro Iro Symphony - Mutsu-no-hana"
"144465";"Mawaskes - Based On Carton-kun"
"28702";"Me And My Katamari"
"144466";"Me De Unou O Kitaeru - Sokudoku Jutsu Portable"
"28088";"Medal Of Honor - Heroes"
"27962";"Medal Of Honor - Heroes 2"
"144467";"Medical91 For Portable"
"27884";"Medievil Resurrection"
"27991";"Mega Man - Maverick Hunter X"
"28092";"Mega Man Powered Up"
"28798";"Méga Minis Volume 1"
"29060";"Mega Minis Volume 2"
"28613";"Mega Minis Volume 3"
"144468";"Megami No Etsubo"
"28766";"Megamind: The Blue Defender"
"144469";"Megpoid The Music Sharp"
"144470";"Meiji Tokyo Renka"
"144471";"Meiji Tokyo Renka - Twilight Kiss"
"28715";"Meitantei Conan - Kakokara No Prelude"
"369472";"Melodie"
"29172";"Memories Off"
"144473";"Memories Off - After Rain"
"144474";"Memories Off - Sorekara"
"144475";"Memories Off - Sorekara Again"
"144476";"Memories Off - Yubikiri No Kioku"
"144477";"Memories Off - Yubikiri No Kioku - Futari No Fuuryuuan"
"144478";"Memories Off 2nd"
"144479";"Memories Off 5 - Encore"
"144480";"Memories Off 5 - Togireta Film"
"144481";"Memories Off 6 - Next Relation"
"144482";"Memories Off 6 - T-wave"
"28647";"Mercury Meltdown"
"144484";"Mermaid Gothic"
"144485";"Meruru No Atelier - Arland No Renkinjutsushi 3 - Hatsutaiken Guide Book"
"144499";"Meruru No Atelier Plus - Arland No Renkinjutsushi 3 - Official Playview"
"144486";"Metal Fight Beyblade Portable - Chouzetsu Tensei! Vulcan Horuseus"
"28153";"Metal Gear Acid"
"28167";"Metal Gear Acid 2"
"28117";"Metal Gear Solid - Digital Graphic Novel"
"27838";"Metal Gear Solid - Peace Walker"
"27868";"Metal Gear Solid - Portable Ops"
"27891";"Metal Gear Solid - Portable Ops Plus"
"28445";"Metal Slug"
"28524";"Metal Slug 2"
"28143";"Metal Slug Anthology"
"28200";"Metal Slug Xx"
"28362";"Miami Vice - The Game"
"28133";"Michael Jackson - The Experience"
"28358";"Micro Machines V4"
"28054";"Midnight Club 3 - Dub Edition"
"28040";"Midnight Club - L.a. Remix"
"28462";"Midway Arcade Treasures - Extended Play"
"28489";"Military History - Commander - Europe At War"
"28645";"Mimana Iyar Chronicles"
"28704";"Mind Quiz"
"144490";"Minna De Dokusho - Genji Monogatari Chottodake Bungaku"
"144491";"Minna De Dokusho - Keitai Shousetsu Desuu"
"144492";"Minna De Dokusho - Meisaku And Suiri And Kaidan And Bungaku"
"144493";"Minna De Dokusho - Torimonochou"
"144494";"Minna No Chizu"
"144495";"Minna No Chizu 2"
"144496";"Minna No Chizu 2 Chiikiban - Higashi Nihon Hen"
"144497";"Minna No Chizu 2 Chiikiban - Naka Nihon Hen"
"144500";"Minna No Chizu 2 Chiikiban - Nishi Nihon Hen"
"144501";"Minna No Chizu 3"
"506647";"Minna no Golf Jou Vol. 4"
"144502";"Minna No Golf Jou Vol.1"
"144503";"Minna No Golf Jou Vol.2"
"144504";"Minna No Golf Jou Vol.3"
"144508";"Minna No Navi"
"144509";"Minna No Shiatsu - Itami Mo Tsukare Mo Sukirii!"
"144512";"Minus 8"
"506662";"Mirai Nikki - 13-ninme no Nikki Shoyuusha"
"144514";"Mirai Nikki - 13-ninme No Nikki Shoyuusha Re-write"
"28830";"Misshitsu No Sacrifice"
"144516";"Misshitsu No Sacrifice - Miki High Tension Night"
"29296";"Missing Parts - Detective Stories Complete"
"144517";"Mite Kiite Nou De Kanjite Crossword Tengoku"
"144518";"Miyako"
"144519";"Miyako - Awayuki No Utage"
"144520";"Mizu No Senritsu"
"144521";"Mizu No Senritsu 2 - Hi No Kioku"
"29382";"Mlb"
"268226";"MLB 06 - The Show"
"29383";"Mlb 07 - The Show"
"29006";"Mlb 08 - The Show"
"28993";"Mlb 09 - The Show"
"29041";"Mlb 10 - The Show"
"29241";"Mlb 11 - The Show"
"28641";"Mobile Suit Gundam - Gundam Vs. Gundam"
"28330";"Mobile Suit Gundam - Gundam Vs. Gundam Next Plus"
"28777";"Mobile Suit Gundam - Mokuba No Kiseki"
"28732";"Mobile Suit Gundam - Senjô No Kizuna Portable"
"28781";"Mobile Suit Gundam Age - Cosmic Drive"
"28743";"Mobile Suit Gundam Age - Universe Accel"
"144522";"Mobile Train Simulator   Densha De Go! Tokyo Kyuukou Hen"
"144523";"Mobile Train Simulator - Keisei - Toei Asakusa - Keikyuusen"
"28044";"Modnation Racers"
"144524";"Moe Moe 2-ji Taisen-ryaku 2"
"506665";"Moe Moe 2-Ji Taisen-Ryaku Deluxe"
"29477";"Moe Moe Daisensô Gendaiban ++"
"144525";"Moegaku Portable"
"29387";"Moeru Mahjong - Moejong!"
"28116";"Despicable Me - The Game"
"29465";"Momotarô Tag Match"
"103343";"Mondo Di Patty, Il - Il Gioco Piu' Bello"
"144526";"Monhun Nikki - Poka Poka Airou Mura"
"491702";"MonHun Nikki: Poka Poka Ailu Mura G"
"144527";"Monochrome"
"144528";"Monster Hunter - Play Manga Monhun Mochi Ga Dekimasen"
"27890";"Monster Hunter Freedom"
"27906";"Monster Hunter Freedom 2"
"142917";"Monster Hunter Freedom Unite"
"27834";"Monster Hunter Portable 3rd"
"142919";"Monster Jam Urban Assault"
"29000";"Monster Jam - Path Of Destruction"
"28212";"Monster Kingdom - Jewel Summoner"
"28013";"Mortal Kombat - Unchained"
"144530";"Mother Goose No Himitsu No Yakata"
"144531";"Mother Goose No Himitsu No Yakata - Blue Label"
"28352";"Moto Gp"
"144532";"Moto Roader 2"
"28022";"Motorstorm - Arctic Edge"
"144533";"Motto Nuga- Cel!"
"144534";"Moujuutsukai To Oujisama - Snow Bride Portable"
"144535";"Moujuutsukai To Oujisama Portable"
"28459";"Mtx Mototrax"
"144536";"Mugen Kairou"
"29182";"Muscleman - Muscle Generations"
"144537";"Musketeer"
"455525";"Musou Orochi 2 Special"
"144542";"Musou Tourou"
"144543";"Muta Juice"
"29303";"Mvp Baseball"
"28140";"Mx Vs Atv - Extreme Limite"
"28387";"Mx Vs Atv - On The Edge"
"27974";"Mx Vs Atv Reflex"
"144545";"My Merry May With Be"
"103342";"My Spanish Coach"
"29129";"My Stylist"
"27953";"Myst"
"29195";"Mystereet Portable"
"28977";"Mystic Chronicles"
"28222";"Mytran Wars"
"28455";"N+"
"144546";"Namco Museum"
"28138";"Namco Museum Battle Collection"
"144547";"Namco Museum Vol.2"
"144548";"Nana - Subete Wa Daimaou No Omichibiki"
"29371";"Nano Diver"
"28970";"Napoleon Dynamite - The Game"
"144549";"Naraku No Shiro Portable - Ichiyanagi Nagomu, 2-dome No Junan"
"144550";"Narcissu - Moshimo Ashita Ga Arunara"
"144551";"Narisokonai Eiyuutan - Taiyou To Tsuki No Monogatari"
"144552";"Naruto - Narutimete Portable - Mugenjou No Maki"
"28017";"Naruto - Ultimate Ninja Heroes"
"27955";"Naruto - Ultimate Ninja Heroes 2 - The Phantom Fortress"
"144553";"Naruto Shippuden - Narutimate Accel 3"
"144554";"Naruto Shippuden - Narutimate Impact"
"27934";"Naruto Shippuden Kizuna Drive"
"27950";"Naruto Shippuden - Legends - Akatsuki Rising"
"27867";"Naruto - Ultimate Ninja Heroes 3"
"27846";"Naruto Shippuden - Ultimate Ninja Impact"
"28673";"Nascar"
"144555";"Natsuzora No Monologue Portable"
"193223";"Navi-chu"
"28556";"Nayuta No Kiseki"
"150770";"Nba"
"268230";"NBA 06"
"28968";"Nba 07"
"28926";"Nba 08 - Block Party"
"28917";"Nba 09 - The Inside"
"28803";"Nba 10 - The Inside"
"28166";"Nba 2k10"
"27929";"Nba 2k11"
"27888";"Nba 2k12"
"27845";"Nba 2k13"
"28869";"Nba Ballers - Rebound"
"28367";"NBA Live 06"
"28560";"Nba Live 07"
"28624";"Nba Live 08"
"28630";"Nba Live 09"
"28461";"Nba Live 10"
"28361";"Nba Street - Showdown"
"29339";"Ncaa Football 07"
"29038";"Ncaa Football 10"
"29504";"Ncaa Football 09"
"144556";"Necromancer"
"27958";"Need For Speed - Most Wanted 5-1-0"
"27941";"Need For Speed Prostreet"
"27933";"Need For Speed Shift"
"27925";"Need For Speed Undercover"
"28012";"Need For Speed Underground Rivals"
"28026";"Need For Speed Carbon - Own The City"
"28788";"Nendoroid Generation"
"144558";"Neo Angelique Special"
"28765";"Neo Geo Heroes Ultimate Shooting"
"28631";"Neon Genesis Evangelion - Battle Orchestra Portable"
"144917";"Shinseiki Evangelion - Koutetsu No Girlfriend Tokubetsu-hen Portable"
"103344";"Neopets - Petpet Adventures - The Wand Of Wishing"
"144559";"Neutopia"
"144561";"Neutopia 2"
"144562";"Never7 - The End Of Infinity"
"28771";"Neverland Card Battles"
"144564";"New Adventure Island"
"144565";"New Rainbow Island - Hurdy Gurdy Daibouken!!"
"28965";"Nfl Street 2 - Unleashed"
"28640";"Nfl Street 3"
"28254";"Nhl 07"
"103345";"Nhra Drag Racing - Countdown To The Championship"
"144566";"Nichijou - Uchuujin"
"144567";"Nikoli No Sudoku  2 Daiisshuu - Sudoku Nurikabe Heyawake"
"144569";"Nikoli No Sudoku  3 Daisanshuu - Sudoku Slitherlink Masyu Yajilin"
"144570";"Nikoli No Sudoku  3 Daiyonshuu - Sudoku Numberlink Shikaku-ni-kire Hashi-o-kakero"
"506668";"Nikoli no Sudoku 3 Dainishuu - Sudoku Kakuro Bijutsukan Hitori-ni-Shitekure"
"144571";"Nikoli No Sudoku Lite Dai-is-shuu"
"144572";"Nikoli No Sudoku Lite Dai-ni-shuu"
"144573";"Nikoli No Sudoku Lite Dai-san-shuu"
"144574";"Nikoli No Sudoku Lite Dai-yon-shuu"
"144575";"Ninja Katsugeki - Tenchu San Portable"
"29229";"Nippon No Asoko De"
"144577";"Nise No Chigiri"
"144578";"Nise No Chigiri - Omoide No Saki E"
"144579";"Nishimura Kyotaro Travel Mystery - Akugyaku No Kisetsu - Tokyo Nanki-shirahama Renzoku Satsujin Jiken"
"144580";"No Fate! Only The Power Of Will"
"28515";"No Gravity - The Plague Of Mind"
"28605";"No Heroes Allowed"
"144581";"Nobunaga No Yabou - Reppuuden With Power Up Kit"
"144582";"Nobunaga No Yabou - Shouseiroku"
"144583";"Nobunaga No Yabou - Soutenroku With Power Up Kit"
"144584";"Nobunaga No Yabou - Tenshouki"
"144586";"Nogizaka Haruka No Himistu - Doujinshi Hajimemashita"
"144587";"Nogizaka Haruka No Himitsu - Cosplay Hajimemashita - Himitsu No Radio"
"144588";"Nogizaka Haruka No Himitsu - Doujinshi Hajimemashita - Daigokan"
"144589";"Nogizaka Haruka No Himitsu - Doujinshi Hajimemashita - Daiikkan"
"144590";"Nogizaka Haruka No Himitsu - Doujinshi Hajimemashita - Dainikan"
"144591";"Nogizaka Haruka No Himitsu - Doujinshi Hajimemashita - Daisankan"
"144592";"Nogizaka Haruka No Himitsu - Doujinshi Hajimemashita - Daiyonkan"
"29453";"Norn9"
"142924";"Over The Hedge - Hammy Goes Nuts"
"142922";"Nou Ni Kaikan Aha Taiken"
"144593";"Nouryoku Trainer Portable"
"144594";"Nouryoku Trainer Portable 2"
"144596";"Nozomi Kanaetamae - Daydream Reconstruct"
"29133";"Numblast"
"144599";"Numpla 10000-mon"
"144601";"O*g*a Onigokko Royale - Hunter Wa Kotou De Koiosuru"
"27977";"Obscure - The Aftermath"
"28468";"Okami Kakushi"
"144602";"Omerta - Chinmoku No Okite - The Legacy"
"144603";"Omochabako No Kuni No Alice - Wonderful Wonder World"
"144604";"Omoi No Kakera - Close To"
"144605";"Omoide Ni Kawaru Kimi - Memories Off"
"27898";"One Piece - Romance Dawn"
"144606";"One Side Summer"
"28508";"Onechanbara Special"
"144628";"Onigokko! Portable"
"28956";"Online Chess Kingdoms"
"144608";"Onore No Shinzuru Michi O Yuke"
"144627";"Ooedo Senryoubako"
"144609";"Ore Ni Hatarakette Iwaretemo"
"144610";"Ore Ni Hatarakette Iwaretemo Otsu"
"144611";"Ore No Dungeon - Desire And Adventurous Spirit"
"144613";"Ore No Imouto Ga Konna Ni Kawaii Wake Ga Nai Portable"
"489461";"Ore no Imouto ga Konna ni Kawaii Wake ga Nai: Portable ga Tsuzuku Wake ga Nai"
"144614";"Ore No Imouto Maker Ex - Imouto To Koishiyo Portable"
"144615";"Ore No Kanojo No Uraomote - Pure Sweet Heart"
"144616";"Ore No Shikabane Wo Koete Yuke"
"144617";"Ore No Shikabane Wo Koete Yuke - Koushiki Shinansho Sonochi Tayasanu Tameni 1999 Nenban"
"144629";"Ore Wa Shoujo Mangaka"
"144618";"Oretachi No Sabage Portable"
"144619";"Oretachi No Sabage Versus"
"144621";"Otome Wa Boku Ni Koishiteru Portable"
"144622";"Otome Wa Boku Ni Koishiteru Portable - Futari No Elder"
"506671";"Otometeki Koi Kakumei - Love Revo!! - Koko kara Hajimaru Girl's Life"
"144630";"Otometeki Koi Kakumei - Love Revo!! Portable"
"144624";"Otsuge Uranainandesu."
"144625";"Ouka Sengoku Portable"
"144626";"Oumagatoki - Kaidan Romance"
"28378";"Outrun 2006 - Coast 2 Coast"
"144642";"P C Genjin"
"144643";"P C Genjin 2"
"144644";"P C Genjin 3"
"144631";"P-kara"
"28379";"Pac-Man World 3"
"28689";"Pac-Man World Rally"
"144632";"Pachinka Mania P - Cr Tekkenden Tough"
"144633";"Pachipara Slot  Pachi-slot Daiku No Gen-san - Ikuze! Honoo No Gen-matsuri-hen"
"144634";"Pachipara Slot - Pachi-slot Super Umi Monogatari In Okinawa"
"28587";"Pangya - Fantasy Golf"
"144636";"Panic Palette Portable"
"28425";"Parappa The Rapper"
"28597";"Parodius Portable"
"103346";"Passport To... Amsterdam"
"29112";"Passport To... Barcelona"
"29174";"Passport To... London"
"29110";"Passport To... Paris"
"29346";"Passport To... Prague"
"29130";"Passport To... Rome"
"144637";"Pastel Chime Continue"
"28061";"Patapon"
"28068";"Patapon 2"
"28016";"Patapon 3"
"28484";"Patchwork Heroes"
"144706";"Payout Poker And Casino"
"144639";"Pc Engine Best Collection - Ginga Ojousama Densetsu Collection"
"144640";"Pc Engine Best Collection - Soldier Collection"
"144641";"Pc Engine Best Collection - Tengai Makyou Collection"
"29344";"Pdc World Championship Darts"
"28500";"Peggle"
"144645";"Persona"
"144646";"Persona 2 - Batsu"
"28058";"Peter Jackson's King Kong - The Official Game Of The Movie"
"28479";"Peter Pan - Aventures Au Pays Imaginaire"
"28819";"Petz - Ma Famille Hamsters"
"28403";"Petz - Ma Famille Chiots"
"144648";"Petz Saddle Club"
"144649";"Petzi In Pingonesien"
"144650";"Petzi Und Das Grosse Labyrinth"
"28171";"Phantasy Star Portable"
"27957";"Phantasy Star Portable 2"
"28283";"Phantasy Star Portable 2 Infinity"
"28145";"Phantom Brave - The Hermuda Triangle"
"144651";"Phantom Kingdom Portable"
"506674";"Phase D - Souka no Shou"
"144653";"Phase-d - Hakuei No Shou"
"144654";"Phase-d - Kokusei No Shou"
"506677";"Phase-D - Shuki no Shou"
"144657";"Phi Brain - Kizuna No Puzzle"
"28411";"Phinéas Et Ferb - Voyage Dans La Deuxième Dimension"
"29448";"Photokano"
"144658";"Pia Carrot E Youkoso!! 4 - Natsu No Kioku"
"144659";"Pia Carrot E Youkoso!! G.p. - Gakuen Princess - Portable"
"28416";"Pilot Academy"
"144660";"Pilot Ni Narou! Flying All Stars"
"28561";"Pimp My Ride"
"144661";"Pinball"
"28569";"Gottlieb Pinball Classics"
"28601";"Williams Pinball Classics"
"28986";"Pinball Heroes"
"144664";"Piposaru Academia - Dossari! Saruge Daizenshuu"
"142881";"Pirates Of The Carribbean At Worlds End"
"28345";"Pirates Des Caraïbes - Le Secret Du Coffre Maudit"
"28338";"Pixeljunk Monsters Deluxe"
"144667";"Planetarian - Chiisana Hoshi No Yume"
"144668";"Planetarium Creator Ohira Takayuki Kanshuu - Homestar Portable"
"511232";"Plants vs. Zombies"
"28654";"Platypus"
"29310";"Playchapas Football Edition"
"144675";"Plus Plum 2 Again Portable"
"29307";"Pocket Pool"
"29021";"Pocket Racers"
"144678";"Pool Hall Pro"
"29023";"Pop'n Music Portable"
"144679";"Pop'n Music Portable 2"
"28354";"Popolocrois"
"144680";"Popolocrois Monogatari - Pietro Ouji No Bouken"
"144681";"Portable Island - Tenohira No Resort"
"144682";"Power League 4"
"144683";"Power Pro Success Legends"
"144685";"Power Sports"
"28275";"Power Stone Collection"
"29464";"Powerful Pro Baseball 2010"
"29475";"Powerful Pro Baseball 2011"
"29295";"Powerful Pro Baseball 2012"
"29187";"Powerful Pro Baseball 2013"
"29306";"Powerful Pro Baseball Portable 2"
"29197";"Powerful Pro Baseball Portable 3"
"29421";"Powerful Pro Baseball Portable 4"
"144309";"Powerful Probaseball Portable"
"28716";"PQ -Practical Intelligence Quotient"
"144687";"Pq2 - Practical Intelligence Quotient 2"
"144688";"Pri-pia - Prince Pia Carrot"
"144689";"Pri-saga! Portable"
"142882";"Prince Of Persia - The Forgotten Sands"
"27913";"Prince Of Persia Revelations"
"27971";"Prince Of Persia - Rival Swords"
"144690";"Princess Arthur"
"28395";"Princess Crown"
"144691";"Princess Evangile Portable"
"144692";"Princess Frontier Portable"
"144693";"Princess Maker 4 Portable"
"144694";"Princess Maker 5 Portable"
"28216";"Prinny 2 - Dawn Of Operation Panties, Dood!"
"28304";"Prinny - Can I Really Be The Hero ?"
"29491";"Pro Baseball Spirits 2010"
"29471";"Pro Baseball Spirits 2011"
"29500";"Pro Baseball Spirits 2012"
"29452";"Pro Baseball Spirits 2013"
"144638";"P B R Out Of The Chute"
"28420";"Pro Cycling Saison 2007"
"28410";"Pro Cycling Saison 2008"
"28217";"Pro Cycling Saison 2009"
"28465";"Pro Cycling Saison 2010"
"28010";"Pro Evolution Soccer 2008"
"27976";"Pro Evolution Soccer 2009"
"27926";"Pro Evolution Soccer 2010"
"27894";"Pro Evolution Soccer 2011"
"27869";"Pro Evolution Soccer 2012"
"27842";"Pro Evolution Soccer 2013"
"27823";"Pro Evolution Soccer 2014"
"29188";"Prostroke Golf - World Tour 2007"
"192460";"Pro Yakyuu Spirits 2014"
"29151";"Sudoku Coach"
"29137";"Project Cerberus"
"28335";"Pucelle - Ragnarok, La"
"144700";"Pump It Up - Exceed Portable"
"144701";"Pump It Up - Zero Portable"
"28201";"Pursuit Force"
"28202";"Pursuit Force - Extreme Justice"
"28722";"Puyo Pop Fever"
"29157";"Puyo Pop Fever 2"
"28994";"Puyo Puyo 7"
"144702";"Puyo Puyo! 15th Anniversary"
"144703";"Puyo Puyo!! 20th Anniversary"
"144704";"Puzzle - Bokura No 48 Jikan Sensou"
"28827";"Puzzle Bobble Pocket"
"29261";"Puzzle Challenge - Crosswords And More !"
"28911";"Puzzle Chronicles"
"28792";"Mawaskes"
"28312";"Puzzle Quest - Challenge Of The Warlords"
"199948";"Puzzle Scape"
"103349";"Puzzler Collection"
"144705";"Pw - Project Witch"
"28985";"Qix ++"
"28001";"Queen's Blade - Spiral Chaos"
"28177";"Queen's Gate - Spiral Chaos"
"144126";"Quiz Kidou Senshi Gundam - Toisenshi Dx"
"144707";"R-15 Portable"
"144708";"R-type"
"28237";"R-type Tactics"
"28490";"R-type Tactics 2"
"144709";"R.u.r.u.r - Petit Prince"
"268234";"Race Driver 2006"
"144710";"Ragnarok - Hikari To Yami No Koujo"
"28124";"Ragnarok Tactics"
"144711";"Rain Wonder Trip"
"28584";"Rainbow Islands Evolution"
"144712";"Rakuen Danshi"
"28429";"Rapala Pro Bass Fishing"
"103350";"Rapala Trophies"
"28031";"Ratatouille"
"27895";"Ratchet And Clank - Size Matters"
"28512";"Real Madrid - The Game"
"144718";"Real Rode Portable"
"144719";"Rebellions - Secret Game 2nd Stage"
"29117";"Reel Fishing Great Outdoors"
"144722";"Remember11 - The Age Of Infinity"
"144723";"Renai 0 Kilometer Portable"
"144724";"Renai Banchou - Inochi Mijikashi, Koiseyo Otome! Love Is Power"
"144725";"Renai Banchou 2 - Midnight Lesson!!!"
"28470";"Rengoku - The Tower Of Purgatory"
"28438";"Rengoku 2 - The Stairway To H.e.a.v.e.n."
"27993";"Resistance Retribution"
"144727";"Retro City Rampage Dx"
"144728";"Rewrite"
"29127";"Rezel Cross"
"28136";"Ridge Racer"
"28439";"Ridge Racer 2"
"28128";"Riviera - La Terre Promise"
"144729";"Ro-kyu-bu! Himitsu No Otoshimono"
"28464";"Rock Band Unplugged"
"144730";"Rockman Dash - Hagane No Boukenshin"
"142885";"Rockman Dash 2"
"144731";"Rockman Rockman"
"28245";"Rocky Balboa"
"29445";"Rokyubu"
"144732";"Romeo And Juliet"
"506680";"Romeo VS Juliet"
"144734";"Routes Portable"
"28485";"Rugby League Challenge"
"144736";"Rupupu Cube - Lup Salad Portable - Matatabi"
"28536";"Rurouni Kenshin - Meiji Kenkaku Romantan Saisen"
"506683";"Rurouni Kenshin - Meiji Kenkaku Romantan Saisen - Kenran Yuugi"
"28578";"Rurouni Kenshin - Meiji Kenkaku Romantan Kansei"
"142927";"Rush"
"144738";"Ryu-koku"
"144739";"Ryuuko No Ken"
"28163";"Ghostbusters - The Video Game"
"144830";"S.y.k - Renshouden Portable"
"144831";"S.y.k - Shinsetsu Saiyuuki Portable"
"144832";"Saigo No Yakusoku No Monogatari"
"144833";"Saihate No Ima Portable"
"144834";"Saikyou Shogi Bonanza"
"144835";"Saikyou Toudai Shogi Deluxe"
"506686";"Saikyou Toudai Shogi Portable"
"27912";"Saint Seiya Omega Ultimate Cosmo"
"144836";"Saints Row - Undercover"
"144837";"Saka Agari Hurricane Portable"
"144838";"Saki Achiga-hen Episode Of Side-a Portable"
"29357";"Saki Portable"
"144839";"Sakura Sakura - Haru Urara"
"28705";"Sakura Taisen 1 + 2"
"144840";"Sakurasou No Pet Na Kanojo"
"28957";"Salamander Portable"
"28836";"Samurai Shodown"
"28182";"Samurai Shodown Anthology"
"28406";"Samurai Warriors - State Of War"
"144841";"Samuraidou 2 Portable"
"144842";"Samuraidou Portable"
"144843";"Sangoku Hime - Sangoku Ranse - Haten No Saihai"
"144844";"Sangoku Hime 2 - Tenka Hatou - Shishi No Keishousha"
"144845";"Sangoku Koi Senki - Otome No Heihou!"
"144846";"Sangoku Rensenki - Otome No Heihou! Omoide Gaeshi - Cs Edition"
"144848";"Sangokushi 5"
"144849";"Sangokushi 6"
"144850";"Sangokushi 7"
"144851";"Sangokushi 8"
"144847";"Sangokushi Ix With Power-up Kit"
"144853";"Saru Get You - Sarusaru Daisakusen"
"144854";"Sarugetyou - Piposaru Racer"
"144856";"Satomi Hakkenden - Hachitama No Ki"
"144857";"Satomi Hakkenden - Hamaji Hime No Ki"
"144858";"Satomi Hakkenden - Murasame Maru No Ki"
"28927";"Savage Moon - The Hera Campaign"
"28687";"Sbk 09 - Superbike World Championship"
"28787";"Sbk 08 - Superbike World Championship"
"144860";"Sbk - Superbike World Championship"
"144861";"Scared Rider Xechs"
"144862";"Scared Rider Xechs - Stardust Lovers"
"28122";"Scarface - Money. Power. Respect."
"144863";"School Rumble - Neesan Jiken Desu!"
"144864";"School Wars"
"144865";"School Wars - Sotsugyou Sensen"
"142887";"Scooby Doo - Whos Watching Who"
"28610";"Scrabble"
"28786";"Sd Gundam G Generation Overworld"
"28555";"Sd Gundam G Generation World"
"28840";"Sd Gundam G-generation Portable"
"144866";"Second Novel - Kanojo No Natsu, 15fun No Kioku"
"28089";"Secret Agent Clank"
"144867";"Secret Game - Killer Queen Portable"
"144868";"Secret Of Evangelion Portable"
"28045";"Sega Mega Drive Collection"
"28137";"Sega Rally Revo"
"144869";"Seinaru Kana - Orichalcum No Na No Motoni"
"144870";"Seishun Hajimemashita!"
"144871";"Seitokai No Ichizon Lv. 2 Portable"
"144872";"Sekai De Ichiban Dame Na Koi - Full House"
"144873";"Sekai Wa Atashi De Mawatteru - Hikari To Yami No Princess"
"144874";"Sen Goku Hime - Senran Ni Mau Otometachi"
"144875";"Sen Goku Hime 2 Ran - Hyakka, Senran Tatsukaze No Gotoku"
"144876";"Sen Goku Hime 3 - Tenka O Kirisaku Hikari To Kage"
"144877";"Sen Goku Hime 4 - Souha Hyakkei, Hanamamoru Chikai"
"144878";"Sengoku Basara - Battle Heroes"
"28533";"Sengoku Basara - Chronicle Heroes"
"144879";"Sengoku Cannon - Sengoku Ace Episode 3"
"144880";"Sengoku Efuda Yuugi - Hototogisu Ran"
"144881";"Sengoku Efuda Yuugi - Hototogisu Tairan"
"144882";"Sengoku Mahjong"
"144883";"Sengoku Musou 3z Special"
"144884";"Sengoku Tenka Touitsu"
"144886";"Senjou No Valkyria 3"
"506689";"Senjou no Valkyria 3 - Extra Edition"
"28974";"Senritsu No Stratus"
"28441";"Shadow Of Memories"
"144888";"Shanghai"
"144889";"Sharin No Kuni, Himawari No Shoujo"
"28173";"Shaun White Snowboarding"
"103352";"Shepherd's Crossing"
"144892";"Shichida Shiki Training - Unou Tanren Portable"
"144893";"Shiei No Sona-nyl Refrain - What A Beautiful Memories"
"144894";"Shin Hisui No Shizuku - Hiiro No Kakera 2 Portable"
"144895";"Shin Ken To Mahou To Gakuen Mono. - Toki No Gakuen"
"144896";"Shin Koihime Musou Ryouran Gihen"
"144897";"Shin Koihime Musou Ryouran Gohen"
"144898";"Shin Koihime Musou Ryouran Shokuhen"
"144899";"Shin Master Of Monsters Final Ex"
"28351";"Shin Megami Tensei - Devil Summoner"
"28024";"Shin Megami Tensei - Persona"
"27917";"Persona 2 - Innocent Sin"
"27886";"Persona 3 Portable"
"144901";"Shin Sangoku Musou - 2nd Evolution"
"144903";"Shin Sangoku Musou - Multi Raid 2"
"144905";"Shin Sangoku Musou 5 Empires"
"144906";"Shin Sangoku Musou 5 Special"
"144907";"Shin Sangoku Musou 6 Special"
"144908";"Shinigami Kagyou - Kaidan Romance"
"144909";"Shinigami Shogyou - Kaidan Romance"
"144910";"Shinigami To Shoujo"
"28359";"Shining Ark"
"28337";"Shining Blade"
"28364";"Shining Hearts"
"144932";"Shinkyoku Soukai Polyphonica - 0-4 Wa Full Pack"
"144913";"Shinkyoku Soukai Polyphonica - After School"
"144914";"Shinobi, Koiutsutsu"
"28273";"Shinobido - Les Légendes Du Ninja"
"144916";"Shinseiki Evangelion - Koutetsu No Girlfriend 2nd Portable"
"144918";"Shinseiki Evangelion 2 - Tsukurareshi Sekai - Another Cases"
"144919";"Shinseiki Gpx Cyber Formula Vs"
"28934";"Shinsengumi Bakumatsuden Portable"
"506617";"Shinsouban Clover no Kuni no Alice - Wonderful Twin World"
"506620";"Shinsouban Heart no Kuni no Alice - Wonderful Wonder World"
"144921";"Shirahana No Ori - Hiiro No Kakera 4"
"144933";"Shirahana No Ori - Hiiro No Kakera 4 - Shiki No Uta"
"144922";"Shiratsuyu No Kai"
"144923";"Shirogane No Cal To Soukuu No Joou"
"144924";"Shirokishi Monogatari Dogma Wars"
"144925";"Shirokuma Belles Stars - Happy Holidays!"
"29145";"Shock Troopers"
"144927";"Shogi Ga Tsuyokunaru - Gekishi - Jouseki Dojo"
"144928";"Shogi World Champion - Gekisashi Portable"
"144929";"Shouten Beat"
"28808";"Shrek Smash n' Crash Racing"
"28585";"Shrek Le Troisième"
"144934";"Shukufuku No Campanella Portable"
"144936";"Shutsugeki!! Otometachi No Senjou 2 - Amakakeru Shougeki No Kizuna"
"27963";"Sid Meier's Pirates!"
"27983";"Silent Hill - Shattered Memories"
"27883";"Silent Hill Origins"
"28046";"Silverfall"
"144938";"Simple 2000 Series Portable!! Vol. 1 - The Mahjong"
"144939";"Simple 2000 Series Portable!! Vol. 2 - The Shogi"
"144940";"Simple 2500 Series Portable!! Vol. 1 - The Table Game"
"144941";"Simple 2500 Series Portable!! Vol. 10 - The Iq Cube - Moyatto Atama O Puzzle De Sukkiri!"
"144943";"Simple 2500 Series Portable!! Vol. 12 - The Hohei 2 - Senyuu Yo, Sakini Yuke"
"144944";"Simple 2500 Series Portable!! Vol. 13 - The Akuma Hunters - Exorsister"
"144945";"Simple 2500 Series Portable!! Vol. 2 - The Tennis"
"144946";"Simple 2500 Series Portable!! Vol. 3 - The Dokodemo Suiri"
"144947";"Simple 2500 Series Portable!! Vol. 4 - The Unou Drill"
"144948";"Simple 2500 Series Portable!! Vol. 5 - The Block Kuzushi Quest - Dragon Kingdom"
"144949";"Simple 2500 Series Portable!! Vol. 6 - The Sensha"
"144950";"Simple 2500 Series Portable!! Vol. 7 - The Doko Demo Kanji Quiz 2006"
"144951";"Simple 2500 Series Portable!! Vol. 8 - The Dokodemo Girl Mahjong"
"144952";"Simple 2500 Series Portable!! Vol. 9 - The My Taxi"
"28494";"Skate Park City"
"144956";"Slotter Mania P - Mach Go Go Go 3"
"144957";"Slotter Mania P - Sansan Hanahana And Sansan Oasis"
"144958";"Slotter Mania P - Tetsuya - Shinjuku Vs Ueno - Jansei To Yobareta Otoko"
"28966";"Smart Bomb"
"28414";"Smash Court Tennis 3"
"28949";"Snk Arcade Classics 0"
"28383";"Snk Arcade Classics Volume 1"
"28870";"Snoopy Vs The Red Baron"
"144960";"Snow Bound Land"
"29111";"Snow Portable"
"144961";"So-ra-no-wo-to - Otome No Quintet"
"28252";"Socom - U.s. Navy Seals - Fireteam Bravo"
"28306";"Socom - U.s. Navy Seals - Fireteam Bravo 2"
"28157";"Socom - U.s. Navy Seals - Fireteam Bravo 3"
"28353";"Socom - U.s. Navy Seals Tactical Strike"
"28552";"Sol Trigger"
"144962";"Soldier Blade"
"144963";"Solfege - Sweet Harmony"
"144964";"Solomon's Ring - Chi No Shou"
"144965";"Solomon's Ring - Hi No Shou"
"144966";"Solomon's Ring - Kaze No Shou"
"144967";"Solomon's Ring - Mizu No Shou"
"28131";"Sonic Rivals"
"28147";"Sonic Rivals 2"
"144971";"Sora No Kiseki - Material Collection Portable"
"144972";"Sora No Otoshimono - Dokidoki Summer Vacation"
"144973";"Sora O Aogite Kumo Takaku Portable"
"144974";"Sorairo Portable"
"144975";"Sorayume Portable"
"144976";"Soreyuke! Burunyan-man Portable - Torimodose! Ai To Seigi To Kibou No Tsunyakan"
"144977";"Soukoku No Kusabi - Hiiro No Kakera 3 - Ashita E No Tobira"
"144978";"Soukoku No Kusabi - Hiiro No Kakera 3 Portable"
"144979";"Soukyuu No Fafner"
"28272";"Soul Eater - Battle Resonance"
"27956";"Soulcalibur - Broken Destiny"
"28693";"Space Invaders Evolution"
"28456";"Space Invaders Extreme"
"144982";"Space Invaders Pocket"
"28169";"Spectral Souls - Resurrection Of The Ethereal Empire"
"28313";"Spectral Vs Generation"
"29227";"Spelling Challenges And More!"
"28069";"Spider-man 2"
"28000";"Spider-man 3"
"28271";"Spider-man - Allié Ou Ennemi"
"28052";"Spider-man - Le Règne Des Ombres L'union Sacrée"
"28696";"Spinout"
"144983";"Splatterhouse"
"28028";"Splinter Cell Essentials"
"27999";"Split/second Velocity"
"28109";"SSX On Tour"
"29304";"Stacked With Daniel Negreanu"
"29166";"Star Driver"
"27937";"Star Ocean - First Departure"
"27826";"Star Ocean - Second Evolution"
"29108";"Star Soldier"
"144984";"Star Strike Portable"
"28623";"Star Trek - Tactical Assault"
"27852";"Star Wars Battlefront 2"
"27851";"Star Wars - Le Pouvoir De La Force"
"28036";"Star Wars - Lethal Alliance"
"28050";"Star Wars The Clone Wars - Les Héros De La République"
"27901";"Star Wars Battlefront - Elite Squadron"
"27972";"Star Wars Battlefront - Renegade Squadron"
"144930";"Starry Sky - After Autumn"
"144985";"Starry Sky - After Spring"
"144986";"Starry Sky - After Summer"
"144987";"Starry Sky - After Winter"
"29362";"Starry Sky - In Spring"
"29466";"Starry Sky - In Summer"
"29473";"Starry Sky - In Winter"
"144988";"Starry Sky In Autumn"
"28789";"Stateshift"
"28778";"Steambot Chronicles Battle Tournament"
"28617";"Steel Horizon"
"28096";"Steins - Gate"
"29032";"Steins - Gate - Hiyoku Renri No Darling"
"144989";"Stellar-theater Portable"
"29322";"Storm Lover"
"506692";"StormLover 2nd"
"144991";"Stormlover Kai!!"
"144992";"Stormlover Natsukoi!!"
"103354";"Street Cricket Champions"
"123452";"Street Cricket Champions 2"
"28002";"Street Fighter Alpha 3 Max"
"144994";"Street Kix Freestyle"
"28622";"Street Riders"
"28703";"Street Supremacy"
"144995";"Strike Witches - Hakugin No Tsubasa"
"28881";"Strikers 1945 Plus Portable"
"144996";"Sucre Portable"
"144999";"Sugirly Wish Limited"
"145000";"Suigetsu Ni Portable"
"145001";"Suigetsu Portable"
"145002";"Suiheisen Made Nan Mile - Original Flight"
"27944";"Suikoden 1 And 2"
"29106";"Summon Night 3"
"29148";"Summon Night 4"
"28862";"Summon Night 5"
"28727";"Sunday Vs Magazine"
"28908";"Super Collapse ! 3"
"145003";"Super Dangan-ronpa 2 - Sayonara Zetsubou Gakuen"
"29264";"Super Fruit Fall"
"28744";"Super Hind"
"28540";"Super Monkey Ball Adventure"
"28906";"Super Pocket Tennis"
"28665";"Super Robot Taisen Masou Kishin 2 - Revelation Of Evil God"
"28954";"Super Robot Taisen Oe Operation Extend"
"28855";"Super Robot Taisen Og Saga Masou Kishin 1 And 2"
"28756";"Super Robot Wars A Portable"
"28932";"Super Robot Wars Mx Portable"
"28928";"Super Sidekicks"
"145005";"Super Star Soldier"
"28667";"Super Stardust Portable"
"28943";"Sbk-07 - Superbike World Championship"
"103353";"Surf's Up"
"145007";"Susume Tactics!"
"145008";"Suto-mani - Strobe-mania"
"145009";"Suzukaze No Melt - Days In The Sanctuary"
"145010";"Suzumiya Haruhi No Tsuisou"
"29194";"Suzumiya Haruhi No Yakusoku"
"145011";"Suzumiya Haruhi-chan No Mahjong"
"145012";"Suzunone Seven! Portable"
"28452";"S.w.a.t. - Target Liberty"
"28644";"Sweet Fuse - At Your Side"
"145016";"Sword Art Online - Infinity Moment"
"28628";"Syphon Filter  - Combat Ops"
"28081";"Syphon Filter - Dark Mirror"
"28134";"Syphon Filter - Logan's Shadow"
"145143";"T.a.c. Heroes - Big Red One"
"27874";"Tactics Ogre - Let Us Cling Together"
"145145";"Taiheiyou No Arashi - Senkan Yamato, Akatsuki Ni Shutsugekisu"
"145146";"Taiko No Tatsujin Portable"
"145147";"Taiko No Tatsujin Portable 2"
"145148";"Taiko No Tatsujin Portable Dx"
"145149";"Taikou Risshiden 4"
"145150";"Taikou Risshiden 5"
"145159";"Taishou Kitan"
"145160";"Taishou Kitan - Koto No Hazakura"
"145161";"Taishou Mebiusline Portable"
"145162";"Taishou Yakyuu Musume - Otometachi No Seishun Nikki"
"28562";"Taito Legends Power-up"
"29073";"Taito Memories Pocket"
"145163";"Takahashi Meijin No Shin Bouken Jima"
"145164";"Takuyo Mix Box - First Anniversary"
"27981";"Tales Of Destiny 2"
"27889";"Tales Of Eternia"
"27942";"Tales Of Phantasia - Narikiri Dungeon X"
"28034";"Tales Of Phantasia Full Voice Edition"
"27952";"Tales Of Rebirth"
"28110";"Tales Of The Heroes - Twin Brave"
"28027";"Tales Of The World - Radiant Mythology"
"28321";"Tales Of The World - Radiant Mythology 2"
"28048";"Tales Of The World - Radiant Mythology 3"
"28255";"Tales Of Vs."
"28880";"Talkman"
"145165";"Talkman Euro"
"145167";"Talkman Shiki Shabelingual Eikaiwa"
"145168";"Talkman Shiki Shabelingual Eikaiwa For Kids!"
"145138";"Talkman Travel"
"506698";"Talkman Travel - Paris"
"506701";"Talkman Travel - Rome"
"506695";"Talkman Travel - Tokyo"
"145169";"Tama-run"
"145170";"Tamayura - Mitamaokuri No Uta"
"145171";"Tantei Jinguji Saburo - Hai To Diamond"
"29379";"Tantei Opera - Milky Holmes 2"
"145139";"Tantei Opera Milky Holmes"
"145140";"Tantei Opera Milky Holmes 1.5"
"145173";"Tanteibu - The Detective Club - Angou To Misshitsu To Kaijin To"
"145206";"Tanteibu - The Detective Club - Haibu To Kaiga To Bakudan To"
"145174";"Tanteibu - The Detective Club - Shissou To Hangeki To Daidanen"
"145175";"Tanteibu - The Detective Club - Tantei To Yuurei To Kaitou To"
"145176";"Tasogare No Sinsemilla Portable"
"145177";"Tasogaredoki - Kaidan Romance"
"145178";"Te To Te Try On! - Tropical"
"28528";"Tears To Tiara - Kakan No Daichi"
"28651";"Tears To Tiara Gaiden"
"145179";"Tegami Bachi - Kokoro Tsumugu Mono E"
"27855";"Tekken 6"
"27975";"Tekken - Dark Resurrection"
"103356";"Telly Addicts"
"145180";"Tenchi No Mon 2 Busouden"
"145181";"Tenchou No Igo"
"142890";"Tenchu - Shinobi Taizen"
"145182";"Tenchu 4 Plus"
"28516";"Tenchu - Kurenai Portable"
"28042";"Tenchu Shadow Assassins"
"28188";"Tenchu - Time Of The Assassins"
"425093";"Tengai Makyo - The Apocalypse 4"
"145183";"Tengai Makyou 2 - Manji Maru"
"29055";"Tengai Makyou Collection"
"145184";"Tenshin Ranman - Happy Go Lucky!!"
"27935";"Test Drive Unlimited"
"27860";"3rd Birthday, The"
"78512";"Bigs, The"
"28960";"Bigs 2, The"
"28191";"Elder Scrolls Travels - Oblivion, The"
"28211";"Eye Of Judgment - Legends, The"
"28286";"Fast And The Furious - Tokyo Drift, The"
"142905";"History Channel - Great Battles of Rome, The"
"28891";"Hustle - Detroit Streets, The"
"29113";"Idolmaster Sp - Missing Moon, The"
"29131";"Idolmaster Sp - Perfect Sun, The"
"28850";"Idolmaster Sp - Wandering Star, The"
"29368";"King Of Fighters '94, The"
"29001";"King Of Fighters '95, The"
"29063";"King Of Fighters '96, The"
"28199";"King Of Fighters Collection - The Orochi Saga, The"
"145028";"Legend Of Heroes - A Tear Of Vermillion, The"
"103341";"Eiyuu Densetsu - Sora No Kiseki Fc"
"28129";"Legend Of Heroes - Trails In The Sky - Second Chapter, The"
"28549";"Legend Of Heroes 2 - Prophecy Of The Moonlight Witch, The"
"28653";"Legend Of Heroes 3 - Song Of The Ocean, The"
"142915";"Lord Of The Rings Tactics"
"28501";"Mystery Team, The"
"28434";"Playstation Network Collection - Power Pack, The"
"28394";"Playstation Network Collection - Puzzle Pack, The"
"28795";"Red Star, The"
"28995";"Secret Saturdays - Beasts Of The 5th Sun, The"
"28019";"Warriors, The"
"28859";"Thexder Neo"
"28424";"Thrillville"
"28396";"Thrillville - Le Parc En Folie"
"28885";"Tiger And Bunny - Heroes Day"
"28824";"Tiger And Bunny On Air Jack"
"29150";"Tiger Woods Pga Tour"
"29004";"Tiger Woods Pga Tour 06"
"28925";"Tiger Woods Pga Tour 07"
"28535";"Tiger Woods Pga Tour 08"
"28609";"Tiger Woods Pga Tour 09"
"28423";"Tiger Woods Pga Tour 10"
"28791";"Time Travelers"
"145186";"Tir- Na- Nog - Yuukyuu No Jin"
"28121";"TMNT - Teenage Mutant Ninja Turtles"
"28428";"Tna Impact! - Cross The Line"
"28939";"Tnt Racers"
"28797";"To Heart 2 Dungeon Travelers"
"145187";"To Heart Portable"
"145188";"To Love Ru - Doki Doki Rinkai Gakkou Hen"
"145189";"Toaru Kagaku No Railgun"
"29243";"Toaru Majutsu No Index"
"145190";"Toaru Majutsu To Kagaku No Ensemble"
"145191";"Tobidase! Trouble Hanafuda Douchuuki"
"145192";"Tobitate! Chojikuu Trouble Hanafuda Daisakusen"
"28289";"Toca Race Driver 2 - Ultimate Racing Simulator"
"28267";"Toca Race Driver 3 Challenge"
"145193";"Togainu No Chi - True Blood Portable"
"29039";"Toheart2 Portable"
"145194";"Toki No Kizuna - Hanayui Tsuzuri"
"145195";"Toki No Kizuna - Sekigahara Kitan"
"145196";"Tokimeki Memorial - Forever With You"
"145197";"Tokimeki Memorial 4"
"145198";"Tokimeki Memorial Girl's Side Premium - 3rd Story"
"28463";"Tokobot"
"145199";"Tokutenou"
"145200";"Tokyo Mono Harashi - Karasu No Mori Gakuen Kitan"
"145201";"Tokyo Yamanote Boys Portable - Dark Cherry Disc"
"145202";"Tokyo Yamanote Boys Portable - Honey Milk Disc"
"145203";"Tokyo Yamanote Boys Portable - Super Mint Disc"
"28168";"Tom Clancy's Endwar"
"28295";"Ghost Recon - Predator"
"28070";"Ghost Recon Advanced Warfighter 2"
"28030";"Rainbow Six Vegas"
"27909";"Tomb Raider - Anniversary"
"27902";"Tomb Raider - Legend"
"145204";"Tomoyo After - It's A Wonderful Life - Cs Edition"
"28204";"Tony Hawk's Project 8"
"28103";"Tony Hawk's Underground 2 - Remix"
"28186";"Toradora! Portable"
"28320";"Toriko - Gourmet Survival"
"28299";"Toriko - Gourmet Survival 2"
"145208";"Totori No Atelier Plus - Arland No Renkinjutsushi 2 - Official Playview"
"145209";"Totsugeki Senshatai"
"145210";"Toudai Shogi - Mejinsen Dojo"
"27920";"Toukiden - The Age Of Demons"
"145211";"Toukiden Kiwami"
"27954";"Toy Story 3"
"28258";"Transformers - The Game"
"28215";"Transformers - La Revanche"
"29154";"Traxxpad"
"145212";"Trick X Logic - Season 2"
"29460";"Trick X Logic - Season 1"
"28419";"Tron Evolution"
"145213";"Tsugi No Giseisha O Oshirase Shimasu - Houkaisuru Sekai Ni Shinigami To"
"145214";"Tsugi No Giseisha O Oshirase Shimasu - Kimi To Ko No Hateru Kotonai Kurayami O"
"145215";"Tsugi No Giseisha O Oshirase Shimasu - Shi To Zetsubou O Nori Koete"
"145216";"Tsukumonogatari"
"145218";"Tsuyo Kiss 2-gakki Portable"
"145219";"Tsuyo Kiss 3-gakki Portable"
"28723";"Pipe Mania"
"145220";"Twelve - Sengoku Fuushinden"
"29488";"Twinbee Portable"
"145221";"Twinkle Crusaders Go Go!"
"145222";"Twinkle Crusaders Starlit Brave"
"28228";"Twisted Metal - Head-on"
"28782";"Uefa Champions League 2006-2007"
"28745";"Uefa Euro 2008"
"27951";"Ufc 2010 Undisputed"
"28905";"Koloomn"
"28075";"Ultimate Ghosts'n Goblins"
"144816";"Ultraman - Fighting Evolution 0"
"28964";"Ultraman All-star Chronicle"
"144817";"Umezawa Yukari No Yasashii Igo"
"144818";"Umihara Kawase Portable"
"144819";"Umineko No Naku Koro Ni Portable 1"
"144820";"Umineko No Naku Koro Ni Portable 2"
"144822";"Un E N Ding Bloody Call"
"28843";"Unbound Saga"
"144821";"Unchain Blades Re X X"
"28264";"Unchained Blades"
"28805";"Unchained Blades Exxiv"
"28355";"Undead Knights"
"28164";"Untold Legends - Brotherhood Of The Blade"
"28400";"Untold Legends - The Warrior's Code"
"144824";"Urakata Hakuoki"
"144825";"Urakata Hakuoki - Akatsuki No Shirabe"
"144826";"Uta No Prince Sama"
"144827";"Uta No Prince Sama - All Star After Secret"
"144828";"Uta No Prince Sama - Amazing Aria"
"144829";"Uta No Prince Sama - Sweet Serenade"
"29297";"Uta No Prince Sama - All Star"
"29450";"Uta No Prince Sama - Debut"
"29407";"Uta No Prince Sama - Music"
"29485";"Uta No Prince Sama - Music 2"
"29002";"Uta No Prince Sama - Repeat"
"28981";"Utawareru Mono Portable"
"28093";"Valhalla Knights"
"28386";"Valhalla Knights 2"
"28620";"Valhalla Knights 2 - Battle Stance"
"144772";"Valis"
"144773";"Valis I I"
"144885";"Valkyria Chronicles 2"
"27903";"Valkyrie Profile - Lenneth"
"29170";"Vantage Master Portable"
"29084";"Venus And Braves"
"144775";"Vertigo"
"144777";"Victory Run"
"144778";"Victory Run - Eikou No 13,000km"
"28371";"Viewtiful Joe - Red Hot Rumble"
"28039";"Virtua Tennis 3"
"28210";"Virtua Tennis World Tour"
"144780";"Vitamin R"
"28882";"Vitamin X Evolution Plus"
"144782";"Vitamin X To Z"
"144783";"Vitamin Z Graduation"
"144781";"Vitaminx Detective B6"
"144784";"Vitaminz Revolution"
"29163";"Voodoo Dice"
"29035";"Vulcanus"
"28473";"Wall-e"
"144785";"Walpurga No Uta - Walpurgisgedichte"
"144786";"Wand Of Fortune - Mirai E No Prologue Portable"
"144787";"Wand Of Fortune 2 - Jikuu Ni Shizumu Mokushiroku"
"144788";"Wand Of Fortune 2 Fd - Kimi Ni Sasageru Epilogue"
"144789";"Wand Of Fortune Portable"
"29005";"Wangan Midnight Portable"
"144791";"War Ni Chi"
"28174";"Warhammer 40.000 - Squad Command"
"28604";"Warhammer - Battle For Atluma"
"28497";"Warning - Code De La Route"
"28374";"Warriors Of The Lost Empire"
"28409";"Warriors Orochi"
"28301";"Warriors Orochi 2"
"28817";"Warship Gunner 2"
"28551";"Way Of The Samurai Portable"
"144792";"We Love Juggler"
"29292";"Weiss Schwarz Portable - 2 Turn-me"
"144793";"Weiss Schwarz Portable - Boost Schwarz"
"506704";"Weiss Schwarz Portable - Boost Weiss"
"28487";"What Did I Do To Deserve This, My Lord!? 2"
"28706";"What Did I Do To Deserve This, My Lord!?"
"144795";"White Breath - Perfect Edition"
"28115";"White Knight Chronicles - Origins"
"103357";"Who Wants To Be A Millionaire - Party Edition"
"28231";"Wild Arms Xf"
"144797";"Will O' Wisp Portable"
"144798";"Win-jpt - Primary"
"144316";"Win-TOEIC Beginners' LC"
"144799";"Win-TOEIC Beginners' RC"
"144800";"Winds Of Thunder"
"489674";"Winglish - Oh's Talk English"
"29359";"Winning Eleven 2010 - Aoki Samurai No Chôsen"
"27879";"Pro Evolution Soccer 6"
"144801";"Winning Post 6 2006"
"144802";"Winning Post 6 2008"
"144803";"Winning Post 7 2009"
"29082";"Winning Post 7 2010"
"144804";"Winning Post 7 2012"
"144805";"Winning Post 7 2013"
"28575";"Winx Club - Join The Club"
"28192";"Wipeout Pulse"
"28132";"Wipeout Pure"
"144807";"Wizardry Empire 3 - Haou No Keifu"
"29487";"World Championship Cards"
"28671";"World Championship Poker 2"
"29189";"World Championship Poker Featuring Howard Lederer - All In"
"29257";"World Heroes"
"144808";"World Neverland - Qukria Kingdom Stories"
"144810";"World Neverland 2 In 1 Portable - Olerud Oukoku Monogatari And Pluto Kyouwakoku Monogatari"
"28783";"World Of Pool"
"28812";"World Poker Tour"
"28685";"World Series Of Poker"
"28931";"World Series Of Poker 2008 - Battle For The Bracelets"
"28871";"World Series Of Poker - Tournament Of Champions 2007 Edition"
"29034";"World Snooker Challenge 2005"
"29109";"World Snooker Challenge 2007"
"144813";"Pro Evolution Soccer 5"
"28828";"World Tour Soccer Challenge Edition"
"28839";"World Tour Soccer 2"
"28154";"Worms - Battle Islands"
"28412";"Worms - Open Warfare"
"28205";"Worms - Open Warfare 2"
"28285";"Wrc"
"103359";"Wtf - Work Time Fun"
"28189";"Wwe All Stars"
"28180";"Wwe Smackdown! Vs Raw 2006"
"28263";"Wwe Smackdown Vs Raw 2007"
"28098";"Wwe Smackdown Vs Raw 2008"
"27998";"Wwe Smackdown Vs Raw 2009"
"27947";"Wwe Smackdown Vs Raw 2010"
"27862";"Wwe Smackdown Vs Raw 2011"
"28818";"Wwii - Battle Over The Pacific"
"144769";"X I Coliseum"
"28113";"X-Men Legends 2 - Rise of Apocalypse"
"28004";"X-men Origins - Wolverine"
"28738";"Xiaolin Showdown"
"28530";"Xyanide - Resurrection"
"144742";"Yamamura Misa Suspense - Kyoto Kurama Sansou Satsujin Jiken"
"144743";"Yamasa Digi Portable - Matsuri No Tatsujin - Win-chan No Natsumatsuri"
"144744";"Yami Kara No Izanai - Tenebrae I"
"144745";"Yaneura No Kanojo"
"144746";"Yarudora Portable - Double Cast"
"144747";"Yarudora Portable - Kisetsu O Dakishimete"
"144748";"Yarudora Portable - Sampaguita"
"144749";"Yarudora Portable - Yukiwari No Hana"
"28314";"Yggdra Union - We'll Never Fight Alone"
"144750";"Yoake Mae Yori Ruriiro Na Portable"
"144751";"Yoiyomori No Hime"
"144752";"Your Diary"
"144753";"Your Memories Off - Girls Style"
"144754";"Ys - Felghana No Chikai"
"144757";"Ys 3 - Wanderers From Ys"
"144758";"Ys 4 - The Dawn Of Ys"
"28067";"Ys - The Ark Of Napishtim"
"28106";"Ys - The Oath In Felghana"
"28057";"Ys 1 And 2 Chronicles"
"144756";"Ys I And I I"
"27959";"Ys Seven"
"28433";"Ys Vs. Sora No Kiseki Alternative Saga"
"27907";"Yu-gi-oh! 5d's Tag Force 4"
"27887";"Yu-gi-oh! 5d's Tag Force 5"
"27939";"Yu-gi-oh! 5d's Tag Force 6"
"144762";"Yu-Gi-Oh! Arc-V Tag Force Special"
"144759";"Yu-gi-oh! Duel Monsters Gx - Tag Force"
"144760";"Yu-gi-oh! Duel Monsters Gx - Tag Force 2"
"27919";"Yu-gi-oh! Gx Tag Force"
"27877";"Yu-gi-oh! Gx Tag Force 2"
"27871";"Yu-gi-oh! Gx Tag Force 3"
"29462";"Yûsha No Kuse Ni Namaikida 3"
"144765";"Yuusha 30 Second"
"28179";"Z.h.p. - Unlosing Ranger Vs Darkdeath Evilman"
"28736";"Zendoku"
"144120";"Zero Pilot - Daisanji Sekai Taisen 1946"
"144121";"Zettai Hero Kaizou Keikaku"
"144741";"Zettai Meikyuu Grimm - Nanatsu No Kagi To Rakuen No Otome"
"144122";"Zettai Zetsumei Toshi 3 - Kowareyuku Machi To Kanojo No Uta"
"28724";"Zill O'll Infinite Plus"
"28565";"Zuma"
"28834";"Zwei!!"
